report_id,report_date,pull_number,boss_name,raid_difficulty,pull_start_time,pull_end_time,fight_duration_sec,fight_outcome,boss_hp_remaining_pct,boss_hp_lowest_pull,encounter_order
DFANHypwvLTzfWaQ,2025-03-19 Wed,9,cauldron of carnage,heroic,1059137,1269615,210.478,kill,0.0,0.0,1
cb6aVy4NDKAnLr3J,2025-03-26 Wed,10,cauldron of carnage,heroic,1265781,1451531,185.75,kill,0.0,0.0,2
J1QWahcLq2XGz76y,2025-03-24 Mon,20,cauldron of carnage,mythic,3456928,3570060,113.132,wipe,78.78,78.78,1
J1QWahcLq2XGz76y,2025-03-24 Mon,22,cauldron of carnage,mythic,3673491,3897430,223.939,wipe,56.28,56.28,2
J1QWahcLq2XGz76y,2025-03-24 Mon,24,cauldron of carnage,mythic,4075302,4286746,211.444,wipe,61.86,56.28,3
J1QWahcLq2XGz76y,2025-03-24 Mon,26,cauldron of carnage,mythic,4347781,4506468,158.687,wipe,64.11,56.28,4
J1QWahcLq2XGz76y,2025-03-24 Mon,27,cauldron of carnage,mythic,4622822,4929244,306.422,wipe,40.55,40.55,5
J1QWahcLq2XGz76y,2025-03-24 Mon,28,cauldron of carnage,mythic,5037739,5258148,220.409,wipe,47.26,40.55,6
J1QWahcLq2XGz76y,2025-03-24 Mon,29,cauldron of carnage,mythic,5374961,5660593,285.632,wipe,35.84,35.84,7
J1QWahcLq2XGz76y,2025-03-24 Mon,31,cauldron of carnage,mythic,6642748,6824147,181.399,wipe,56.8,35.84,8
J1QWahcLq2XGz76y,2025-03-24 Mon,33,cauldron of carnage,mythic,6911966,7272970,361.004,wipe,19.66,19.66,9
J1QWahcLq2XGz76y,2025-03-24 Mon,34,cauldron of carnage,mythic,7379124,7775213,396.089,wipe,19.15,19.15,10
J1QWahcLq2XGz76y,2025-03-24 Mon,35,cauldron of carnage,mythic,7904428,8388957,484.529,wipe,2.41,2.41,11
J1QWahcLq2XGz76y,2025-03-24 Mon,36,cauldron of carnage,mythic,8528740,8707211,178.471,wipe,58.84,2.41,12
J1QWahcLq2XGz76y,2025-03-24 Mon,37,cauldron of carnage,mythic,8794331,9053288,258.957,wipe,38.16,2.41,13
J1QWahcLq2XGz76y,2025-03-24 Mon,39,cauldron of carnage,mythic,9163634,9447272,283.638,wipe,38.02,2.41,14
J1QWahcLq2XGz76y,2025-03-24 Mon,40,cauldron of carnage,mythic,9564364,9774651,210.287,wipe,54.22,2.41,15
J1QWahcLq2XGz76y,2025-03-24 Mon,42,cauldron of carnage,mythic,9848912,10153265,304.353,wipe,36.19,2.41,16
J1QWahcLq2XGz76y,2025-03-24 Mon,43,cauldron of carnage,mythic,10272573,10701777,429.204,kill,0.0,0.0,17
NydaKxcRtAhBj9D4,2025-03-31 Mon,6,cauldron of carnage,mythic,1167859,1389785,221.926,wipe,51.5,0.0,18
NydaKxcRtAhBj9D4,2025-03-31 Mon,9,cauldron of carnage,mythic,1516959,1683514,166.555,wipe,59.02,0.0,19
NydaKxcRtAhBj9D4,2025-03-31 Mon,10,cauldron of carnage,mythic,1763512,1908660,145.148,wipe,66.87,0.0,20
NydaKxcRtAhBj9D4,2025-03-31 Mon,11,cauldron of carnage,mythic,1999673,2094256,94.583,wipe,77.97,0.0,21
NydaKxcRtAhBj9D4,2025-03-31 Mon,13,cauldron of carnage,mythic,2176907,2295028,118.121,wipe,75.63,0.0,22
NydaKxcRtAhBj9D4,2025-03-31 Mon,15,cauldron of carnage,mythic,2353393,2721872,368.479,wipe,15.26,0.0,23
NydaKxcRtAhBj9D4,2025-03-31 Mon,16,cauldron of carnage,mythic,2807636,3210880,403.244,wipe,21.74,0.0,24
NydaKxcRtAhBj9D4,2025-03-31 Mon,17,cauldron of carnage,mythic,3293008,3697726,404.718,kill,0.0,0.0,25
GmxPY2Jqpaf3tNwD,2025-04-02 Wed,41,cauldron of carnage,mythic,7138304,7225834,87.53,wipe,78.97,0.0,26
GmxPY2Jqpaf3tNwD,2025-04-02 Wed,42,cauldron of carnage,mythic,7293336,7677570,384.234,wipe,11.15,0.0,27
GmxPY2Jqpaf3tNwD,2025-04-02 Wed,43,cauldron of carnage,mythic,7800329,7870927,70.598,wipe,79.86,0.0,28
GmxPY2Jqpaf3tNwD,2025-04-02 Wed,44,cauldron of carnage,mythic,7930202,8304997,374.795,kill,0.0,0.0,29
c8PFLg3WkCAvBazr,2025-04-09 Wed,22,cauldron of carnage,mythic,4978492,5350858,372.366,kill,0.0,0.0,30
vyAkKQ9zLWFtGbcN,2025-04-16 Wed,34,cauldron of carnage,mythic,4976238,5314815,338.577,kill,0.0,0.0,31
3aTr1CZGbjHwqxmX,2025-04-23 Wed,26,cauldron of carnage,mythic,5067614,5167008,99.394,wipe,77.06,0.0,32
3aTr1CZGbjHwqxmX,2025-04-23 Wed,28,cauldron of carnage,mythic,5241610,5634453,392.843,kill,0.0,0.0,33
9WCTwGtmkvpLVJzx,2025-04-30 Wed,27,cauldron of carnage,mythic,4778080,5029881,251.801,wipe,32.14,0.0,34
9WCTwGtmkvpLVJzx,2025-04-30 Wed,28,cauldron of carnage,mythic,5107188,5477326,370.138,kill,0.0,0.0,35
hzQfK6NLbRvWAjrg,2025-05-07 Wed,28,cauldron of carnage,mythic,3894921,4212346,317.425,kill,0.0,0.0,36
DFANHypwvLTzfWaQ,2025-03-19 Wed,53,chrome king gallywix,heroic,9196454,9260674,64.22,wipe,82.16,82.16,1
DFANHypwvLTzfWaQ,2025-03-19 Wed,55,chrome king gallywix,heroic,9363096,9524545,161.449,wipe,67.69,67.69,2
DFANHypwvLTzfWaQ,2025-03-19 Wed,56,chrome king gallywix,heroic,9712926,9809901,96.975,wipe,78.37,67.69,3
DFANHypwvLTzfWaQ,2025-03-19 Wed,57,chrome king gallywix,heroic,9887500,10039722,152.222,wipe,69.39,67.69,4
DFANHypwvLTzfWaQ,2025-03-19 Wed,58,chrome king gallywix,heroic,10124364,10503856,379.492,wipe,41.8,41.8,5
DFANHypwvLTzfWaQ,2025-03-19 Wed,59,chrome king gallywix,heroic,10659559,10784669,125.11,wipe,71.96,41.8,6
DFANHypwvLTzfWaQ,2025-03-19 Wed,61,chrome king gallywix,heroic,10845097,11048338,203.241,wipe,58.33,41.8,7
cb6aVy4NDKAnLr3J,2025-03-26 Wed,43,chrome king gallywix,heroic,5408296,5610389,202.093,wipe,51.86,41.8,8
cb6aVy4NDKAnLr3J,2025-03-26 Wed,44,chrome king gallywix,heroic,5829251,5930693,101.442,wipe,72.74,41.8,9
cb6aVy4NDKAnLr3J,2025-03-26 Wed,45,chrome king gallywix,heroic,6710448,6979806,269.358,wipe,49.55,41.8,10
cb6aVy4NDKAnLr3J,2025-03-26 Wed,47,chrome king gallywix,heroic,7058692,7190786,132.094,wipe,70.66,41.8,11
cb6aVy4NDKAnLr3J,2025-03-26 Wed,48,chrome king gallywix,heroic,7250564,7678361,427.797,wipe,12.44,12.44,12
cb6aVy4NDKAnLr3J,2025-03-26 Wed,49,chrome king gallywix,heroic,7807324,8112605,305.281,wipe,47.47,12.44,13
cb6aVy4NDKAnLr3J,2025-03-26 Wed,50,chrome king gallywix,heroic,8224388,8749372,524.984,wipe,4.53,4.53,14
cb6aVy4NDKAnLr3J,2025-03-26 Wed,51,chrome king gallywix,heroic,8858911,9325118,466.207,kill,0.0,0.0,15
GmxPY2Jqpaf3tNwD,2025-04-02 Wed,13,chrome king gallywix,heroic,2206742,2436087,229.345,wipe,48.96,0.0,16
GmxPY2Jqpaf3tNwD,2025-04-02 Wed,14,chrome king gallywix,heroic,2518960,2620798,101.838,wipe,78.63,0.0,17
GmxPY2Jqpaf3tNwD,2025-04-02 Wed,15,chrome king gallywix,heroic,2693972,3123729,429.757,kill,0.0,0.0,18
c8PFLg3WkCAvBazr,2025-04-09 Wed,19,chrome king gallywix,heroic,3140677,3549327,408.65,kill,0.0,0.0,19
vyAkKQ9zLWFtGbcN,2025-04-16 Wed,16,chrome king gallywix,heroic,2591936,2696295,104.359,wipe,70.78,0.0,20
vyAkKQ9zLWFtGbcN,2025-04-16 Wed,18,chrome king gallywix,heroic,2812581,2972086,159.505,wipe,56.5,0.0,21
vyAkKQ9zLWFtGbcN,2025-04-16 Wed,20,chrome king gallywix,heroic,3059796,3371635,311.839,wipe,31.46,0.0,22
vyAkKQ9zLWFtGbcN,2025-04-16 Wed,21,chrome king gallywix,heroic,3429882,3797371,367.489,kill,0.0,0.0,23
3aTr1CZGbjHwqxmX,2025-04-23 Wed,15,chrome king gallywix,heroic,2720423,3070631,350.208,wipe,2.24,0.0,24
3aTr1CZGbjHwqxmX,2025-04-23 Wed,16,chrome king gallywix,heroic,3149662,3495108,345.446,kill,0.0,0.0,25
9WCTwGtmkvpLVJzx,2025-04-30 Wed,14,chrome king gallywix,heroic,2199012,2580305,381.293,kill,0.0,0.0,26
hzQfK6NLbRvWAjrg,2025-05-07 Wed,17,chrome king gallywix,heroic,2572251,2913385,341.134,kill,0.0,0.0,27
hvzV9HgKJYGBNdCq,2025-05-21 Wed,22,chrome king gallywix,heroic,2271693,2570671,298.978,kill,0.0,0.0,28
NzGpwY6AqHFRjrvn,2025-05-28 Wed,17,chrome king gallywix,heroic,2150065,2431201,281.136,kill,0.0,0.0,29
kzTgc1LJ4ZnHhdb6,2025-06-04 Wed,19,chrome king gallywix,heroic,2581752,2857654,275.902,kill,0.0,0.0,30
jmpyLVFaKX8qvZD7,2025-06-11 Wed,21,chrome king gallywix,heroic,2574571,2852330,277.759,kill,0.0,0.0,31
pFXAZdVQRn1D3Yxy,2025-07-07 Mon,2,chrome king gallywix,mythic,1404026,1424656,20.63,wipe,100.0,100.0,1
pFXAZdVQRn1D3Yxy,2025-07-07 Mon,3,chrome king gallywix,mythic,1565976,1627868,61.892,wipe,95.8,95.8,2
pFXAZdVQRn1D3Yxy,2025-07-07 Mon,5,chrome king gallywix,mythic,1710788,1778641,67.853,wipe,92.06,92.06,3
pFXAZdVQRn1D3Yxy,2025-07-07 Mon,7,chrome king gallywix,mythic,1875970,1952460,76.49,wipe,90.09,90.09,4
pFXAZdVQRn1D3Yxy,2025-07-07 Mon,8,chrome king gallywix,mythic,2043003,2121319,78.316,wipe,90.31,90.09,5
pFXAZdVQRn1D3Yxy,2025-07-07 Mon,9,chrome king gallywix,mythic,2196192,2266417,70.225,wipe,89.95,89.95,6
pFXAZdVQRn1D3Yxy,2025-07-07 Mon,11,chrome king gallywix,mythic,2376843,2449469,72.626,wipe,92.05,89.95,7
pFXAZdVQRn1D3Yxy,2025-07-07 Mon,13,chrome king gallywix,mythic,2559777,2583881,24.104,wipe,99.99,89.95,8
pFXAZdVQRn1D3Yxy,2025-07-07 Mon,15,chrome king gallywix,mythic,2657785,2725710,67.925,wipe,90.91,89.95,9
pFXAZdVQRn1D3Yxy,2025-07-07 Mon,17,chrome king gallywix,mythic,2840794,2918502,77.708,wipe,92.56,89.95,10
pFXAZdVQRn1D3Yxy,2025-07-07 Mon,19,chrome king gallywix,mythic,2997196,3084914,87.718,wipe,88.89,88.89,11
pFXAZdVQRn1D3Yxy,2025-07-07 Mon,20,chrome king gallywix,mythic,3160190,3253791,93.601,wipe,87.59,87.59,12
pFXAZdVQRn1D3Yxy,2025-07-07 Mon,22,chrome king gallywix,mythic,3359368,3452389,93.021,wipe,86.82,86.82,13
pFXAZdVQRn1D3Yxy,2025-07-07 Mon,23,chrome king gallywix,mythic,3630012,3746742,116.73,wipe,81.52,81.52,14
pFXAZdVQRn1D3Yxy,2025-07-07 Mon,24,chrome king gallywix,mythic,3845221,3908279,63.058,wipe,91.06,81.52,15
pFXAZdVQRn1D3Yxy,2025-07-07 Mon,26,chrome king gallywix,mythic,3992689,4062971,70.282,wipe,91.98,81.52,16
pFXAZdVQRn1D3Yxy,2025-07-07 Mon,28,chrome king gallywix,mythic,4280741,4394861,114.12,wipe,82.35,81.52,17
pFXAZdVQRn1D3Yxy,2025-07-07 Mon,30,chrome king gallywix,mythic,4480452,4546016,65.564,wipe,89.15,81.52,18
pFXAZdVQRn1D3Yxy,2025-07-07 Mon,32,chrome king gallywix,mythic,4637476,4802708,165.232,wipe,70.53,70.53,19
pFXAZdVQRn1D3Yxy,2025-07-07 Mon,34,chrome king gallywix,mythic,6450827,6492175,41.348,wipe,97.57,70.53,20
pFXAZdVQRn1D3Yxy,2025-07-07 Mon,36,chrome king gallywix,mythic,6577317,6703620,126.303,wipe,79.06,70.53,21
pFXAZdVQRn1D3Yxy,2025-07-07 Mon,38,chrome king gallywix,mythic,6805893,6899422,93.529,wipe,83.95,70.53,22
pFXAZdVQRn1D3Yxy,2025-07-07 Mon,40,chrome king gallywix,mythic,6975589,7140910,165.321,wipe,73.33,70.53,23
pFXAZdVQRn1D3Yxy,2025-07-07 Mon,42,chrome king gallywix,mythic,7269628,7433934,164.306,wipe,74.52,70.53,24
pFXAZdVQRn1D3Yxy,2025-07-07 Mon,44,chrome king gallywix,mythic,7552909,7680328,127.419,wipe,77.57,70.53,25
pFXAZdVQRn1D3Yxy,2025-07-07 Mon,46,chrome king gallywix,mythic,7769416,7789722,20.306,wipe,100.0,70.53,26
pFXAZdVQRn1D3Yxy,2025-07-07 Mon,48,chrome king gallywix,mythic,7860465,8025233,164.768,wipe,73.86,70.53,27
pFXAZdVQRn1D3Yxy,2025-07-07 Mon,49,chrome king gallywix,mythic,8346678,8474174,127.496,wipe,77.03,70.53,28
pFXAZdVQRn1D3Yxy,2025-07-07 Mon,51,chrome king gallywix,mythic,8691406,8759293,67.887,wipe,89.53,70.53,29
pFXAZdVQRn1D3Yxy,2025-07-07 Mon,53,chrome king gallywix,mythic,8819344,8983337,163.993,wipe,71.28,70.53,30
pFXAZdVQRn1D3Yxy,2025-07-07 Mon,55,chrome king gallywix,mythic,9128610,9200640,72.03,wipe,88.69,70.53,31
pFXAZdVQRn1D3Yxy,2025-07-07 Mon,57,chrome king gallywix,mythic,9464249,9527331,63.082,wipe,88.24,70.53,32
pFXAZdVQRn1D3Yxy,2025-07-07 Mon,59,chrome king gallywix,mythic,9601608,9724252,122.644,wipe,78.34,70.53,33
pFXAZdVQRn1D3Yxy,2025-07-07 Mon,61,chrome king gallywix,mythic,9821779,9935724,113.945,wipe,82.32,70.53,34
pFXAZdVQRn1D3Yxy,2025-07-07 Mon,63,chrome king gallywix,mythic,10021820,10220882,199.062,wipe,65.03,65.03,35
pFXAZdVQRn1D3Yxy,2025-07-07 Mon,65,chrome king gallywix,mythic,10514711,10677544,162.833,wipe,72.21,65.03,36
pFXAZdVQRn1D3Yxy,2025-07-07 Mon,67,chrome king gallywix,mythic,10748934,10816952,68.018,wipe,89.37,65.03,37
pFXAZdVQRn1D3Yxy,2025-07-07 Mon,69,chrome king gallywix,mythic,10890869,11004939,114.07,wipe,80.42,65.03,38
pFXAZdVQRn1D3Yxy,2025-07-07 Mon,71,chrome king gallywix,mythic,11083534,11149167,65.633,wipe,92.63,65.03,39
pFXAZdVQRn1D3Yxy,2025-07-07 Mon,73,chrome king gallywix,mythic,11227268,11390290,163.022,wipe,69.91,65.03,40
pFXAZdVQRn1D3Yxy,2025-07-07 Mon,75,chrome king gallywix,mythic,11462638,11539023,76.385,wipe,90.64,65.03,41
pWxYMRbVZgAq3cJT,2025-07-09 Wed,1,chrome king gallywix,mythic,1502624,1598562,95.938,wipe,85.2,65.03,42
pWxYMRbVZgAq3cJT,2025-07-09 Wed,3,chrome king gallywix,mythic,1690032,1814289,124.257,wipe,77.87,65.03,43
pWxYMRbVZgAq3cJT,2025-07-09 Wed,5,chrome king gallywix,mythic,1942612,2058227,115.615,wipe,79.63,65.03,44
pWxYMRbVZgAq3cJT,2025-07-09 Wed,7,chrome king gallywix,mythic,2141644,2206269,64.625,wipe,87.93,65.03,45
pWxYMRbVZgAq3cJT,2025-07-09 Wed,9,chrome king gallywix,mythic,2312432,2378259,65.827,wipe,88.47,65.03,46
pWxYMRbVZgAq3cJT,2025-07-09 Wed,11,chrome king gallywix,mythic,2537038,2701303,164.265,wipe,70.07,65.03,47
pWxYMRbVZgAq3cJT,2025-07-09 Wed,13,chrome king gallywix,mythic,2838897,3012744,173.847,wipe,69.5,65.03,48
pWxYMRbVZgAq3cJT,2025-07-09 Wed,14,chrome king gallywix,mythic,3108502,3270284,161.782,wipe,69.21,65.03,49
pWxYMRbVZgAq3cJT,2025-07-09 Wed,16,chrome king gallywix,mythic,3404560,3575124,170.564,wipe,68.89,65.03,50
pWxYMRbVZgAq3cJT,2025-07-09 Wed,18,chrome king gallywix,mythic,3664562,3774482,109.92,wipe,79.66,65.03,51
pWxYMRbVZgAq3cJT,2025-07-09 Wed,19,chrome king gallywix,mythic,3871749,3938695,66.946,wipe,92.09,65.03,52
pWxYMRbVZgAq3cJT,2025-07-09 Wed,21,chrome king gallywix,mythic,4024476,4189033,164.557,wipe,68.41,65.03,53
pWxYMRbVZgAq3cJT,2025-07-09 Wed,23,chrome king gallywix,mythic,4272631,4499471,226.84,wipe,55.43,55.43,54
pWxYMRbVZgAq3cJT,2025-07-09 Wed,25,chrome king gallywix,mythic,4940655,5128564,187.909,wipe,64.12,55.43,55
pWxYMRbVZgAq3cJT,2025-07-09 Wed,27,chrome king gallywix,mythic,5221933,5447458,225.525,wipe,54.8,54.8,56
pWxYMRbVZgAq3cJT,2025-07-09 Wed,28,chrome king gallywix,mythic,5621914,5685033,63.119,wipe,89.7,54.8,57
pWxYMRbVZgAq3cJT,2025-07-09 Wed,31,chrome king gallywix,mythic,6866259,7027060,160.801,wipe,68.72,54.8,58
pWxYMRbVZgAq3cJT,2025-07-09 Wed,33,chrome king gallywix,mythic,7202288,7297296,95.008,wipe,83.52,54.8,59
pWxYMRbVZgAq3cJT,2025-07-09 Wed,35,chrome king gallywix,mythic,7436153,7561005,124.852,wipe,77.22,54.8,60
pWxYMRbVZgAq3cJT,2025-07-09 Wed,36,chrome king gallywix,mythic,7642924,7706275,63.351,wipe,90.24,54.8,61
pWxYMRbVZgAq3cJT,2025-07-09 Wed,38,chrome king gallywix,mythic,7779789,7942875,163.086,wipe,69.04,54.8,62
pWxYMRbVZgAq3cJT,2025-07-09 Wed,40,chrome king gallywix,mythic,8067555,8230418,162.863,wipe,70.68,54.8,63
pWxYMRbVZgAq3cJT,2025-07-09 Wed,42,chrome king gallywix,mythic,8376574,8499337,122.763,wipe,77.04,54.8,64
pWxYMRbVZgAq3cJT,2025-07-09 Wed,44,chrome king gallywix,mythic,8563313,8728157,164.844,wipe,68.65,54.8,65
pWxYMRbVZgAq3cJT,2025-07-09 Wed,45,chrome king gallywix,mythic,9110953,9170431,59.478,wipe,90.53,54.8,66
pWxYMRbVZgAq3cJT,2025-07-09 Wed,47,chrome king gallywix,mythic,9267634,9431085,163.451,wipe,68.27,54.8,67
pWxYMRbVZgAq3cJT,2025-07-09 Wed,49,chrome king gallywix,mythic,9600651,9859898,259.247,wipe,52.36,52.36,68
pWxYMRbVZgAq3cJT,2025-07-09 Wed,52,chrome king gallywix,mythic,10353495,10449838,96.343,wipe,82.83,52.36,69
pWxYMRbVZgAq3cJT,2025-07-09 Wed,54,chrome king gallywix,mythic,10520260,10683440,163.18,wipe,68.49,52.36,70
pWxYMRbVZgAq3cJT,2025-07-09 Wed,56,chrome king gallywix,mythic,10936420,11169942,233.522,wipe,55.59,52.36,71
hwb4B9Afxn7F3gWm,2025-07-14 Mon,1,chrome king gallywix,mythic,1147689,1209699,62.01,wipe,89.45,52.36,72
hwb4B9Afxn7F3gWm,2025-07-14 Mon,3,chrome king gallywix,mythic,1304645,1368877,64.232,wipe,88.28,52.36,73
hwb4B9Afxn7F3gWm,2025-07-14 Mon,5,chrome king gallywix,mythic,1484762,1644287,159.525,wipe,67.97,52.36,74
hwb4B9Afxn7F3gWm,2025-07-14 Mon,7,chrome king gallywix,mythic,1719756,1947342,227.586,wipe,54.57,52.36,75
hwb4B9Afxn7F3gWm,2025-07-14 Mon,9,chrome king gallywix,mythic,2025093,2211097,186.004,wipe,62.46,52.36,76
hwb4B9Afxn7F3gWm,2025-07-14 Mon,11,chrome king gallywix,mythic,2290143,2325683,35.54,wipe,97.75,52.36,77
hwb4B9Afxn7F3gWm,2025-07-14 Mon,13,chrome king gallywix,mythic,2388142,2420929,32.787,wipe,98.18,52.36,78
hwb4B9Afxn7F3gWm,2025-07-14 Mon,15,chrome king gallywix,mythic,2496557,2744385,247.828,wipe,49.9,49.9,79
hwb4B9Afxn7F3gWm,2025-07-14 Mon,17,chrome king gallywix,mythic,2859305,3131355,272.05,wipe,48.42,48.42,80
hwb4B9Afxn7F3gWm,2025-07-14 Mon,18,chrome king gallywix,mythic,3226513,3386730,160.217,wipe,67.51,48.42,81
hwb4B9Afxn7F3gWm,2025-07-14 Mon,19,chrome king gallywix,mythic,3476872,3640928,164.056,wipe,69.45,48.42,82
hwb4B9Afxn7F3gWm,2025-07-14 Mon,21,chrome king gallywix,mythic,3756274,4043575,287.301,wipe,49.58,48.42,83
hwb4B9Afxn7F3gWm,2025-07-14 Mon,22,chrome king gallywix,mythic,4136440,4298417,161.977,wipe,68.36,48.42,84
hwb4B9Afxn7F3gWm,2025-07-14 Mon,24,chrome king gallywix,mythic,4402019,4466484,64.465,wipe,88.3,48.42,85
hwb4B9Afxn7F3gWm,2025-07-14 Mon,26,chrome king gallywix,mythic,4611488,4864367,252.879,wipe,49.41,48.42,86
hwb4B9Afxn7F3gWm,2025-07-14 Mon,28,chrome king gallywix,mythic,5017909,5180837,162.928,wipe,67.43,48.42,87
hwb4B9Afxn7F3gWm,2025-07-14 Mon,30,chrome king gallywix,mythic,5243812,5567155,323.343,wipe,40.02,40.02,88
hwb4B9Afxn7F3gWm,2025-07-14 Mon,33,chrome king gallywix,mythic,6474470,6503571,29.101,wipe,98.43,40.02,89
hwb4B9Afxn7F3gWm,2025-07-14 Mon,35,chrome king gallywix,mythic,6574820,6939372,364.552,wipe,29.52,29.52,90
hwb4B9Afxn7F3gWm,2025-07-14 Mon,37,chrome king gallywix,mythic,7085797,7455416,369.619,wipe,22.93,22.93,91
hwb4B9Afxn7F3gWm,2025-07-14 Mon,39,chrome king gallywix,mythic,7703638,7865709,162.071,wipe,67.34,22.93,92
hwb4B9Afxn7F3gWm,2025-07-14 Mon,41,chrome king gallywix,mythic,8105875,8198449,92.574,wipe,84.34,22.93,93
hwb4B9Afxn7F3gWm,2025-07-14 Mon,43,chrome king gallywix,mythic,8280043,8511150,231.107,wipe,55.81,22.93,94
hwb4B9Afxn7F3gWm,2025-07-14 Mon,45,chrome king gallywix,mythic,8573251,8852212,278.961,wipe,44.15,22.93,95
hwb4B9Afxn7F3gWm,2025-07-14 Mon,47,chrome king gallywix,mythic,8957649,9283602,325.953,wipe,34.77,22.93,96
hwb4B9Afxn7F3gWm,2025-07-14 Mon,49,chrome king gallywix,mythic,9366325,9779871,413.546,wipe,11.53,11.53,97
hwb4B9Afxn7F3gWm,2025-07-14 Mon,51,chrome king gallywix,mythic,10011263,10067005,55.742,wipe,90.65,11.53,98
hwb4B9Afxn7F3gWm,2025-07-14 Mon,53,chrome king gallywix,mythic,10127479,10579877,452.398,wipe,5.04,5.04,99
hwb4B9Afxn7F3gWm,2025-07-14 Mon,54,chrome king gallywix,mythic,10675659,11033491,357.832,wipe,26.44,5.04,100
j9t2WnbC14fTGvY6,2025-07-16 Wed,1,chrome king gallywix,mythic,2279643,2342377,62.734,wipe,87.52,5.04,101
j9t2WnbC14fTGvY6,2025-07-16 Wed,2,chrome king gallywix,mythic,2411545,2666556,255.011,wipe,47.71,5.04,102
j9t2WnbC14fTGvY6,2025-07-16 Wed,3,chrome king gallywix,mythic,2765715,3034340,268.625,wipe,45.59,5.04,103
j9t2WnbC14fTGvY6,2025-07-16 Wed,5,chrome king gallywix,mythic,3096942,3260955,164.013,wipe,67.35,5.04,104
j9t2WnbC14fTGvY6,2025-07-16 Wed,6,chrome king gallywix,mythic,3324422,3550165,225.743,wipe,54.33,5.04,105
j9t2WnbC14fTGvY6,2025-07-16 Wed,7,chrome king gallywix,mythic,3629998,3856335,226.337,wipe,51.78,5.04,106
j9t2WnbC14fTGvY6,2025-07-16 Wed,9,chrome king gallywix,mythic,3927605,4090106,162.501,wipe,66.93,5.04,107
j9t2WnbC14fTGvY6,2025-07-16 Wed,10,chrome king gallywix,mythic,4224412,4602303,377.891,wipe,21.71,5.04,108
j9t2WnbC14fTGvY6,2025-07-16 Wed,12,chrome king gallywix,mythic,4782843,4996655,213.812,wipe,54.89,5.04,109
j9t2WnbC14fTGvY6,2025-07-16 Wed,14,chrome king gallywix,mythic,5072799,5261056,188.257,wipe,60.45,5.04,110
j9t2WnbC14fTGvY6,2025-07-16 Wed,16,chrome king gallywix,mythic,5334434,5526772,192.338,wipe,62.32,5.04,111
j9t2WnbC14fTGvY6,2025-07-16 Wed,18,chrome king gallywix,mythic,6540902,6882560,341.658,wipe,26.25,5.04,112
j9t2WnbC14fTGvY6,2025-07-16 Wed,20,chrome king gallywix,mythic,7070233,7234912,164.679,wipe,66.78,5.04,113
j9t2WnbC14fTGvY6,2025-07-16 Wed,21,chrome king gallywix,mythic,7351140,7518716,167.576,wipe,66.56,5.04,114
j9t2WnbC14fTGvY6,2025-07-16 Wed,22,chrome king gallywix,mythic,7611913,7866154,254.241,wipe,47.1,5.04,115
j9t2WnbC14fTGvY6,2025-07-16 Wed,24,chrome king gallywix,mythic,7969194,8405226,436.032,kill,0.0,0.0,116
VJKqP6j2zY9QhpH8,2025-03-17 Mon,28,"mug'zee, heads of security",heroic,6904199,6982185,77.986,wipe,78.88,78.88,1
VJKqP6j2zY9QhpH8,2025-03-17 Mon,31,"mug'zee, heads of security",heroic,7202667,7276736,74.069,wipe,84.84,78.88,2
VJKqP6j2zY9QhpH8,2025-03-17 Mon,33,"mug'zee, heads of security",heroic,7389972,7645587,255.615,wipe,45.2,45.2,3
VJKqP6j2zY9QhpH8,2025-03-17 Mon,35,"mug'zee, heads of security",heroic,7763311,7830240,66.929,wipe,88.98,45.2,4
VJKqP6j2zY9QhpH8,2025-03-17 Mon,37,"mug'zee, heads of security",heroic,7930622,8308109,377.487,wipe,14.04,14.04,5
VJKqP6j2zY9QhpH8,2025-03-17 Mon,38,"mug'zee, heads of security",heroic,8429158,8754743,325.585,wipe,18.73,14.04,6
VJKqP6j2zY9QhpH8,2025-03-17 Mon,39,"mug'zee, heads of security",heroic,8845992,9237340,391.348,wipe,1.35,1.35,7
VJKqP6j2zY9QhpH8,2025-03-17 Mon,40,"mug'zee, heads of security",heroic,9333991,9453424,119.433,wipe,71.93,1.35,8
VJKqP6j2zY9QhpH8,2025-03-17 Mon,42,"mug'zee, heads of security",heroic,9537647,9812354,274.707,wipe,35.96,1.35,9
VJKqP6j2zY9QhpH8,2025-03-17 Mon,43,"mug'zee, heads of security",heroic,9899878,10175296,275.418,wipe,36.51,1.35,10
VJKqP6j2zY9QhpH8,2025-03-17 Mon,44,"mug'zee, heads of security",heroic,10245794,10584396,338.602,wipe,13.75,1.35,11
VJKqP6j2zY9QhpH8,2025-03-17 Mon,45,"mug'zee, heads of security",heroic,10659624,11023449,363.825,kill,0.0,0.0,12
DFANHypwvLTzfWaQ,2025-03-19 Wed,40,"mug'zee, heads of security",heroic,4893438,5263015,369.577,wipe,2.97,0.0,13
DFANHypwvLTzfWaQ,2025-03-19 Wed,41,"mug'zee, heads of security",heroic,5530766,5887868,357.102,wipe,2.87,0.0,14
DFANHypwvLTzfWaQ,2025-03-19 Wed,46,"mug'zee, heads of security",heroic,6678278,6819687,141.409,wipe,60.34,0.0,15
DFANHypwvLTzfWaQ,2025-03-19 Wed,47,"mug'zee, heads of security",heroic,6911617,7224272,312.655,wipe,14.01,0.0,16
DFANHypwvLTzfWaQ,2025-03-19 Wed,48,"mug'zee, heads of security",heroic,7347732,7701550,353.818,wipe,3.27,0.0,17
DFANHypwvLTzfWaQ,2025-03-19 Wed,49,"mug'zee, heads of security",heroic,7762841,8068045,305.204,wipe,9.56,0.0,18
DFANHypwvLTzfWaQ,2025-03-19 Wed,50,"mug'zee, heads of security",heroic,8150813,8470655,319.842,wipe,9.41,0.0,19
DFANHypwvLTzfWaQ,2025-03-19 Wed,51,"mug'zee, heads of security",heroic,8569740,8907278,337.538,kill,0.0,0.0,20
cb6aVy4NDKAnLr3J,2025-03-26 Wed,39,"mug'zee, heads of security",heroic,4252923,4555401,302.478,wipe,8.2,0.0,21
cb6aVy4NDKAnLr3J,2025-03-26 Wed,40,"mug'zee, heads of security",heroic,4681816,4761293,79.477,wipe,76.85,0.0,22
cb6aVy4NDKAnLr3J,2025-03-26 Wed,42,"mug'zee, heads of security",heroic,4848213,5165369,317.156,kill,0.0,0.0,23
GmxPY2Jqpaf3tNwD,2025-04-02 Wed,11,"mug'zee, heads of security",heroic,1696644,1997480,300.836,kill,0.0,0.0,24
c8PFLg3WkCAvBazr,2025-04-09 Wed,17,"mug'zee, heads of security",heroic,2534574,2819678,285.104,kill,0.0,0.0,25
vyAkKQ9zLWFtGbcN,2025-04-16 Wed,14,"mug'zee, heads of security",heroic,2073817,2341333,267.516,kill,0.0,0.0,26
3aTr1CZGbjHwqxmX,2025-04-23 Wed,11,"mug'zee, heads of security",heroic,2167002,2408322,241.32,kill,0.0,0.0,27
9WCTwGtmkvpLVJzx,2025-04-30 Wed,12,"mug'zee, heads of security",heroic,1718901,1943001,224.1,kill,0.0,0.0,28
hzQfK6NLbRvWAjrg,2025-05-07 Wed,15,"mug'zee, heads of security",heroic,2145684,2363256,217.572,kill,0.0,0.0,29
hvzV9HgKJYGBNdCq,2025-05-21 Wed,17,"mug'zee, heads of security",heroic,1888226,2085172,196.946,kill,0.0,0.0,30
NzGpwY6AqHFRjrvn,2025-05-28 Wed,12,"mug'zee, heads of security",heroic,1618640,1784892,166.252,kill,0.0,0.0,31
kzTgc1LJ4ZnHhdb6,2025-06-04 Wed,15,"mug'zee, heads of security",heroic,2231030,2403475,172.445,kill,0.0,0.0,32
jmpyLVFaKX8qvZD7,2025-06-11 Wed,16,"mug'zee, heads of security",heroic,2168039,2338853,170.814,kill,0.0,0.0,33
kzTgc1LJ4ZnHhdb6,2025-06-04 Wed,25,"mug'zee, heads of security",mythic,4191987,4243765,51.778,wipe,89.42,89.42,1
kzTgc1LJ4ZnHhdb6,2025-06-04 Wed,26,"mug'zee, heads of security",mythic,4343801,4399707,55.906,wipe,88.84,88.84,2
kzTgc1LJ4ZnHhdb6,2025-06-04 Wed,28,"mug'zee, heads of security",mythic,4485138,4560613,75.475,wipe,80.94,80.94,3
kzTgc1LJ4ZnHhdb6,2025-06-04 Wed,30,"mug'zee, heads of security",mythic,4800344,4913146,112.802,wipe,73.59,73.59,4
kzTgc1LJ4ZnHhdb6,2025-06-04 Wed,32,"mug'zee, heads of security",mythic,5091663,5159616,67.953,wipe,82.83,73.59,5
kzTgc1LJ4ZnHhdb6,2025-06-04 Wed,36,"mug'zee, heads of security",mythic,5280255,5409370,129.115,wipe,67.19,67.19,6
kzTgc1LJ4ZnHhdb6,2025-06-04 Wed,38,"mug'zee, heads of security",mythic,5492212,5604010,111.798,wipe,77.04,67.19,7
kzTgc1LJ4ZnHhdb6,2025-06-04 Wed,40,"mug'zee, heads of security",mythic,5726610,5786034,59.424,wipe,85.14,67.19,8
kzTgc1LJ4ZnHhdb6,2025-06-04 Wed,42,"mug'zee, heads of security",mythic,5862632,5987996,125.364,wipe,69.02,67.19,9
kzTgc1LJ4ZnHhdb6,2025-06-04 Wed,44,"mug'zee, heads of security",mythic,6111795,6240790,128.995,wipe,67.03,67.03,10
kzTgc1LJ4ZnHhdb6,2025-06-04 Wed,47,"mug'zee, heads of security",mythic,7509196,7640415,131.219,wipe,67.16,67.03,11
kzTgc1LJ4ZnHhdb6,2025-06-04 Wed,48,"mug'zee, heads of security",mythic,7827689,7976215,148.526,wipe,61.46,61.46,12
kzTgc1LJ4ZnHhdb6,2025-06-04 Wed,50,"mug'zee, heads of security",mythic,8097711,8278833,181.122,wipe,58.37,58.37,13
kzTgc1LJ4ZnHhdb6,2025-06-04 Wed,52,"mug'zee, heads of security",mythic,8417050,8600934,183.884,wipe,58.98,58.37,14
kzTgc1LJ4ZnHhdb6,2025-06-04 Wed,53,"mug'zee, heads of security",mythic,8724401,8880124,155.723,wipe,61.38,58.37,15
kzTgc1LJ4ZnHhdb6,2025-06-04 Wed,55,"mug'zee, heads of security",mythic,8996060,9172320,176.26,wipe,62.29,58.37,16
kzTgc1LJ4ZnHhdb6,2025-06-04 Wed,57,"mug'zee, heads of security",mythic,9330087,9515176,185.089,wipe,52.58,52.58,17
kzTgc1LJ4ZnHhdb6,2025-06-04 Wed,59,"mug'zee, heads of security",mythic,9623926,9885713,261.787,wipe,39.44,39.44,18
kzTgc1LJ4ZnHhdb6,2025-06-04 Wed,60,"mug'zee, heads of security",mythic,10047276,10212878,165.602,wipe,57.4,39.44,19
kzTgc1LJ4ZnHhdb6,2025-06-04 Wed,62,"mug'zee, heads of security",mythic,10415993,10539866,123.873,wipe,70.91,39.44,20
kzTgc1LJ4ZnHhdb6,2025-06-04 Wed,64,"mug'zee, heads of security",mythic,10645864,10719849,73.985,wipe,79.52,39.44,21
kzTgc1LJ4ZnHhdb6,2025-06-04 Wed,66,"mug'zee, heads of security",mythic,10794689,10955843,161.154,wipe,57.87,39.44,22
kzTgc1LJ4ZnHhdb6,2025-06-04 Wed,67,"mug'zee, heads of security",mythic,11148623,11371130,222.507,wipe,53.03,39.44,23
kzTgc1LJ4ZnHhdb6,2025-06-04 Wed,68,"mug'zee, heads of security",mythic,11516069,11674282,158.213,wipe,58.7,39.44,24
kzTgc1LJ4ZnHhdb6,2025-06-04 Wed,69,"mug'zee, heads of security",mythic,11784381,12028144,243.763,wipe,50.65,39.44,25
BfWcKMdxybL1j9P7,2025-06-09 Mon,9,"mug'zee, heads of security",mythic,1776112,1965406,189.294,wipe,53.25,39.44,26
BfWcKMdxybL1j9P7,2025-06-09 Mon,10,"mug'zee, heads of security",mythic,2072245,2323856,251.611,wipe,44.42,39.44,27
BfWcKMdxybL1j9P7,2025-06-09 Mon,12,"mug'zee, heads of security",mythic,2567398,2638140,70.742,wipe,78.57,39.44,28
BfWcKMdxybL1j9P7,2025-06-09 Mon,14,"mug'zee, heads of security",mythic,2732215,2797301,65.086,wipe,85.99,39.44,29
BfWcKMdxybL1j9P7,2025-06-09 Mon,15,"mug'zee, heads of security",mythic,2942113,2980687,38.574,wipe,88.85,39.44,30
BfWcKMdxybL1j9P7,2025-06-09 Mon,17,"mug'zee, heads of security",mythic,3043145,3111148,68.003,wipe,79.9,39.44,31
BfWcKMdxybL1j9P7,2025-06-09 Mon,19,"mug'zee, heads of security",mythic,3172343,3416886,244.543,wipe,41.63,39.44,32
BfWcKMdxybL1j9P7,2025-06-09 Mon,20,"mug'zee, heads of security",mythic,3547627,3794352,246.725,wipe,41.49,39.44,33
BfWcKMdxybL1j9P7,2025-06-09 Mon,22,"mug'zee, heads of security",mythic,3894023,4079043,185.02,wipe,55.67,39.44,34
BfWcKMdxybL1j9P7,2025-06-09 Mon,24,"mug'zee, heads of security",mythic,4230664,4373760,143.096,wipe,63.97,39.44,35
BfWcKMdxybL1j9P7,2025-06-09 Mon,26,"mug'zee, heads of security",mythic,4487175,4797631,310.456,wipe,29.69,29.69,36
BfWcKMdxybL1j9P7,2025-06-09 Mon,27,"mug'zee, heads of security",mythic,4828848,4855523,26.675,wipe,99.94,29.69,37
BfWcKMdxybL1j9P7,2025-06-09 Mon,28,"mug'zee, heads of security",mythic,4960092,5274830,314.738,wipe,28.34,28.34,38
BfWcKMdxybL1j9P7,2025-06-09 Mon,30,"mug'zee, heads of security",mythic,5406292,5638253,231.961,wipe,41.89,28.34,39
BfWcKMdxybL1j9P7,2025-06-09 Mon,32,"mug'zee, heads of security",mythic,5838371,5905606,67.235,wipe,77.86,28.34,40
BfWcKMdxybL1j9P7,2025-06-09 Mon,33,"mug'zee, heads of security",mythic,6818525,6979968,161.443,wipe,52.66,28.34,41
BfWcKMdxybL1j9P7,2025-06-09 Mon,34,"mug'zee, heads of security",mythic,7103141,7262400,159.259,wipe,52.86,28.34,42
BfWcKMdxybL1j9P7,2025-06-09 Mon,36,"mug'zee, heads of security",mythic,7352983,7619195,266.212,wipe,29.46,28.34,43
BfWcKMdxybL1j9P7,2025-06-09 Mon,38,"mug'zee, heads of security",mythic,7758708,7901097,142.389,wipe,57.72,28.34,44
BfWcKMdxybL1j9P7,2025-06-09 Mon,39,"mug'zee, heads of security",mythic,8131761,8413359,281.598,wipe,23.73,23.73,45
BfWcKMdxybL1j9P7,2025-06-09 Mon,40,"mug'zee, heads of security",mythic,8581840,8723996,142.156,wipe,59.28,23.73,46
BfWcKMdxybL1j9P7,2025-06-09 Mon,42,"mug'zee, heads of security",mythic,8815821,8977205,161.384,wipe,50.35,23.73,47
BfWcKMdxybL1j9P7,2025-06-09 Mon,44,"mug'zee, heads of security",mythic,9126532,9299100,172.568,wipe,49.08,23.73,48
BfWcKMdxybL1j9P7,2025-06-09 Mon,46,"mug'zee, heads of security",mythic,9440290,9567653,127.363,wipe,63.26,23.73,49
BfWcKMdxybL1j9P7,2025-06-09 Mon,48,"mug'zee, heads of security",mythic,9655296,9816879,161.583,wipe,51.32,23.73,50
BfWcKMdxybL1j9P7,2025-06-09 Mon,50,"mug'zee, heads of security",mythic,9904211,10185448,281.237,wipe,25.33,23.73,51
BfWcKMdxybL1j9P7,2025-06-09 Mon,51,"mug'zee, heads of security",mythic,10311425,10495036,183.611,wipe,49.89,23.73,52
BfWcKMdxybL1j9P7,2025-06-09 Mon,53,"mug'zee, heads of security",mythic,10597162,10816961,219.799,wipe,40.04,23.73,53
BfWcKMdxybL1j9P7,2025-06-09 Mon,55,"mug'zee, heads of security",mythic,10917575,11076709,159.134,wipe,51.58,23.73,54
BfWcKMdxybL1j9P7,2025-06-09 Mon,57,"mug'zee, heads of security",mythic,11199682,11475835,276.153,wipe,26.37,23.73,55
BfWcKMdxybL1j9P7,2025-06-09 Mon,58,"mug'zee, heads of security",mythic,11566025,11837989,271.964,wipe,24.11,23.73,56
jmpyLVFaKX8qvZD7,2025-06-11 Wed,30,"mug'zee, heads of security",mythic,3556340,3699744,143.404,wipe,54.75,23.73,57
jmpyLVFaKX8qvZD7,2025-06-11 Wed,32,"mug'zee, heads of security",mythic,3774225,3814337,40.112,wipe,85.99,23.73,58
jmpyLVFaKX8qvZD7,2025-06-11 Wed,34,"mug'zee, heads of security",mythic,3940919,4124199,183.28,wipe,48.33,23.73,59
jmpyLVFaKX8qvZD7,2025-06-11 Wed,35,"mug'zee, heads of security",mythic,4250562,4410876,160.314,wipe,50.52,23.73,60
jmpyLVFaKX8qvZD7,2025-06-11 Wed,37,"mug'zee, heads of security",mythic,4513210,4703658,190.448,wipe,42.59,23.73,61
jmpyLVFaKX8qvZD7,2025-06-11 Wed,39,"mug'zee, heads of security",mythic,4959008,5028136,69.128,wipe,74.64,23.73,62
jmpyLVFaKX8qvZD7,2025-06-11 Wed,41,"mug'zee, heads of security",mythic,5168508,5236993,68.485,wipe,73.4,23.73,63
jmpyLVFaKX8qvZD7,2025-06-11 Wed,43,"mug'zee, heads of security",mythic,5370123,5496295,126.172,wipe,62.53,23.73,64
jmpyLVFaKX8qvZD7,2025-06-11 Wed,45,"mug'zee, heads of security",mythic,5571802,5738568,166.766,wipe,50.87,23.73,65
jmpyLVFaKX8qvZD7,2025-06-11 Wed,46,"mug'zee, heads of security",mythic,6916634,7171421,254.787,wipe,30.88,23.73,66
jmpyLVFaKX8qvZD7,2025-06-11 Wed,48,"mug'zee, heads of security",mythic,7274492,7461683,187.191,wipe,45.34,23.73,67
jmpyLVFaKX8qvZD7,2025-06-11 Wed,49,"mug'zee, heads of security",mythic,7611158,7782520,171.362,wipe,48.83,23.73,68
jmpyLVFaKX8qvZD7,2025-06-11 Wed,51,"mug'zee, heads of security",mythic,7850516,8133398,282.882,wipe,20.89,20.89,69
jmpyLVFaKX8qvZD7,2025-06-11 Wed,52,"mug'zee, heads of security",mythic,8425237,8493260,68.023,wipe,74.36,20.89,70
jmpyLVFaKX8qvZD7,2025-06-11 Wed,54,"mug'zee, heads of security",mythic,8678255,8868067,189.812,wipe,45.18,20.89,71
jmpyLVFaKX8qvZD7,2025-06-11 Wed,56,"mug'zee, heads of security",mythic,8992446,9276693,284.247,wipe,22.5,20.89,72
jmpyLVFaKX8qvZD7,2025-06-11 Wed,57,"mug'zee, heads of security",mythic,9511420,9795502,284.082,wipe,22.12,20.89,73
jmpyLVFaKX8qvZD7,2025-06-11 Wed,59,"mug'zee, heads of security",mythic,9912235,10041297,129.062,wipe,59.14,20.89,74
jmpyLVFaKX8qvZD7,2025-06-11 Wed,60,"mug'zee, heads of security",mythic,10147120,10274462,127.342,wipe,60.9,20.89,75
jmpyLVFaKX8qvZD7,2025-06-11 Wed,62,"mug'zee, heads of security",mythic,10368811,10622699,253.888,wipe,27.35,20.89,76
jmpyLVFaKX8qvZD7,2025-06-11 Wed,64,"mug'zee, heads of security",mythic,10741234,10906125,164.891,wipe,49.11,20.89,77
jmpyLVFaKX8qvZD7,2025-06-11 Wed,66,"mug'zee, heads of security",mythic,11052433,11192787,140.354,wipe,55.89,20.89,78
jmpyLVFaKX8qvZD7,2025-06-11 Wed,67,"mug'zee, heads of security",mythic,11293597,11352278,58.681,wipe,82.83,20.89,79
jmpyLVFaKX8qvZD7,2025-06-11 Wed,68,"mug'zee, heads of security",mythic,11416377,11604201,187.824,wipe,46.08,20.89,80
jmpyLVFaKX8qvZD7,2025-06-11 Wed,69,"mug'zee, heads of security",mythic,11653940,11726555,72.615,wipe,73.54,20.89,81
rVnDB4fcb9qZAPLv,2025-06-16 Mon,3,"mug'zee, heads of security",mythic,1749588,2017787,268.199,wipe,30.65,20.89,82
rVnDB4fcb9qZAPLv,2025-06-16 Mon,5,"mug'zee, heads of security",mythic,2143763,2303152,159.389,wipe,50.36,20.89,83
rVnDB4fcb9qZAPLv,2025-06-16 Mon,7,"mug'zee, heads of security",mythic,2382669,2450682,68.013,wipe,73.08,20.89,84
rVnDB4fcb9qZAPLv,2025-06-16 Mon,9,"mug'zee, heads of security",mythic,2514265,2587660,73.395,wipe,73.29,20.89,85
rVnDB4fcb9qZAPLv,2025-06-16 Mon,10,"mug'zee, heads of security",mythic,2673908,2828255,154.347,wipe,50.59,20.89,86
rVnDB4fcb9qZAPLv,2025-06-16 Mon,12,"mug'zee, heads of security",mythic,2918841,3222564,303.723,wipe,22.95,20.89,87
rVnDB4fcb9qZAPLv,2025-06-16 Mon,14,"mug'zee, heads of security",mythic,3376096,3669785,293.689,wipe,21.36,20.89,88
rVnDB4fcb9qZAPLv,2025-06-16 Mon,15,"mug'zee, heads of security",mythic,3788675,3967593,178.918,wipe,47.16,20.89,89
rVnDB4fcb9qZAPLv,2025-06-16 Mon,16,"mug'zee, heads of security",mythic,4081943,4272344,190.401,wipe,42.44,20.89,90
rVnDB4fcb9qZAPLv,2025-06-16 Mon,17,"mug'zee, heads of security",mythic,4368417,4556878,188.461,wipe,47.32,20.89,91
rVnDB4fcb9qZAPLv,2025-06-16 Mon,19,"mug'zee, heads of security",mythic,4654419,4720942,66.523,wipe,80.09,20.89,92
rVnDB4fcb9qZAPLv,2025-06-16 Mon,21,"mug'zee, heads of security",mythic,4824657,4951387,126.73,wipe,59.15,20.89,93
rVnDB4fcb9qZAPLv,2025-06-16 Mon,22,"mug'zee, heads of security",mythic,5030721,5157033,126.312,wipe,58.28,20.89,94
rVnDB4fcb9qZAPLv,2025-06-16 Mon,24,"mug'zee, heads of security",mythic,5222929,5408483,185.554,wipe,45.83,20.89,95
rVnDB4fcb9qZAPLv,2025-06-16 Mon,25,"mug'zee, heads of security",mythic,5489381,5771419,282.038,wipe,21.12,20.89,96
rVnDB4fcb9qZAPLv,2025-06-16 Mon,26,"mug'zee, heads of security",mythic,5862474,5996206,133.732,wipe,56.11,20.89,97
rVnDB4fcb9qZAPLv,2025-06-16 Mon,28,"mug'zee, heads of security",mythic,6943881,7130344,186.463,wipe,46.76,20.89,98
rVnDB4fcb9qZAPLv,2025-06-16 Mon,29,"mug'zee, heads of security",mythic,7231290,7299273,67.983,wipe,74.76,20.89,99
rVnDB4fcb9qZAPLv,2025-06-16 Mon,31,"mug'zee, heads of security",mythic,7416064,7602755,186.691,wipe,45.95,20.89,100
rVnDB4fcb9qZAPLv,2025-06-16 Mon,32,"mug'zee, heads of security",mythic,7680304,7837957,157.653,wipe,52.0,20.89,101
rVnDB4fcb9qZAPLv,2025-06-16 Mon,34,"mug'zee, heads of security",mythic,7998067,8067195,69.128,wipe,75.77,20.89,102
rVnDB4fcb9qZAPLv,2025-06-16 Mon,36,"mug'zee, heads of security",mythic,8138919,8343095,204.176,wipe,40.65,20.89,103
rVnDB4fcb9qZAPLv,2025-06-16 Mon,38,"mug'zee, heads of security",mythic,8455340,8730089,274.749,wipe,25.35,20.89,104
rVnDB4fcb9qZAPLv,2025-06-16 Mon,40,"mug'zee, heads of security",mythic,8814159,9108023,293.864,wipe,18.18,18.18,105
rVnDB4fcb9qZAPLv,2025-06-16 Mon,41,"mug'zee, heads of security",mythic,9248267,9315771,67.504,wipe,72.75,18.18,106
rVnDB4fcb9qZAPLv,2025-06-16 Mon,42,"mug'zee, heads of security",mythic,9886136,9957490,71.354,wipe,72.46,18.18,107
rVnDB4fcb9qZAPLv,2025-06-16 Mon,44,"mug'zee, heads of security",mythic,10014628,10192102,177.474,wipe,47.74,18.18,108
rVnDB4fcb9qZAPLv,2025-06-16 Mon,46,"mug'zee, heads of security",mythic,10307657,10587202,279.545,wipe,23.73,18.18,109
rVnDB4fcb9qZAPLv,2025-06-16 Mon,48,"mug'zee, heads of security",mythic,10623731,10646772,23.041,wipe,99.92,18.18,110
rVnDB4fcb9qZAPLv,2025-06-16 Mon,50,"mug'zee, heads of security",mythic,10762425,10918586,156.161,wipe,51.44,18.18,111
MymtjWk9brQ6aBqR,2025-06-23 Mon,4,"mug'zee, heads of security",mythic,1172999,1204715,31.716,wipe,99.81,18.18,112
MymtjWk9brQ6aBqR,2025-06-23 Mon,7,"mug'zee, heads of security",mythic,1349259,1605767,256.508,wipe,28.83,18.18,113
MymtjWk9brQ6aBqR,2025-06-23 Mon,8,"mug'zee, heads of security",mythic,1711263,2003842,292.579,wipe,20.08,18.18,114
MymtjWk9brQ6aBqR,2025-06-23 Mon,9,"mug'zee, heads of security",mythic,2332319,2590023,257.704,wipe,20.92,18.18,115
MymtjWk9brQ6aBqR,2025-06-23 Mon,11,"mug'zee, heads of security",mythic,2742260,3002336,260.076,wipe,22.15,18.18,116
MymtjWk9brQ6aBqR,2025-06-23 Mon,13,"mug'zee, heads of security",mythic,3136054,3339892,203.838,wipe,38.82,18.18,117
MymtjWk9brQ6aBqR,2025-06-23 Mon,15,"mug'zee, heads of security",mythic,3424663,3577117,152.454,wipe,47.86,18.18,118
MymtjWk9brQ6aBqR,2025-06-23 Mon,16,"mug'zee, heads of security",mythic,3656313,3970530,314.217,wipe,17.53,17.53,119
MymtjWk9brQ6aBqR,2025-06-23 Mon,17,"mug'zee, heads of security",mythic,4085296,4213886,128.59,wipe,56.05,17.53,120
MymtjWk9brQ6aBqR,2025-06-23 Mon,19,"mug'zee, heads of security",mythic,4355092,4414543,59.451,wipe,82.89,17.53,121
MymtjWk9brQ6aBqR,2025-06-23 Mon,21,"mug'zee, heads of security",mythic,4504951,4546218,41.267,wipe,91.91,17.53,122
MymtjWk9brQ6aBqR,2025-06-23 Mon,23,"mug'zee, heads of security",mythic,4677968,4902575,224.607,wipe,34.92,17.53,123
MymtjWk9brQ6aBqR,2025-06-23 Mon,25,"mug'zee, heads of security",mythic,4979770,5192585,212.815,wipe,40.38,17.53,124
MymtjWk9brQ6aBqR,2025-06-23 Mon,26,"mug'zee, heads of security",mythic,5300879,5487687,186.808,wipe,46.3,17.53,125
MymtjWk9brQ6aBqR,2025-06-23 Mon,27,"mug'zee, heads of security",mythic,6568912,6880865,311.953,wipe,15.74,15.74,126
MymtjWk9brQ6aBqR,2025-06-23 Mon,28,"mug'zee, heads of security",mythic,6912019,6938769,26.75,wipe,99.98,15.74,127
MymtjWk9brQ6aBqR,2025-06-23 Mon,29,"mug'zee, heads of security",mythic,7086739,7272316,185.577,wipe,49.79,15.74,128
MymtjWk9brQ6aBqR,2025-06-23 Mon,30,"mug'zee, heads of security",mythic,7350141,7470997,120.856,wipe,67.46,15.74,129
MymtjWk9brQ6aBqR,2025-06-23 Mon,31,"mug'zee, heads of security",mythic,7538375,7823657,285.282,wipe,17.53,15.74,130
MymtjWk9brQ6aBqR,2025-06-23 Mon,32,"mug'zee, heads of security",mythic,8036093,8307952,271.859,wipe,20.86,15.74,131
MymtjWk9brQ6aBqR,2025-06-23 Mon,34,"mug'zee, heads of security",mythic,8450800,8743435,292.635,wipe,16.16,15.74,132
MymtjWk9brQ6aBqR,2025-06-23 Mon,35,"mug'zee, heads of security",mythic,8866486,9030656,164.17,wipe,52.75,15.74,133
MymtjWk9brQ6aBqR,2025-06-23 Mon,37,"mug'zee, heads of security",mythic,9151929,9428567,276.638,wipe,18.57,15.74,134
MymtjWk9brQ6aBqR,2025-06-23 Mon,38,"mug'zee, heads of security",mythic,9495788,9797643,301.855,wipe,15.14,15.14,135
MymtjWk9brQ6aBqR,2025-06-23 Mon,39,"mug'zee, heads of security",mythic,10103772,10386568,282.796,wipe,19.4,15.14,136
MymtjWk9brQ6aBqR,2025-06-23 Mon,40,"mug'zee, heads of security",mythic,10514532,10795366,280.834,wipe,17.92,15.14,137
MymtjWk9brQ6aBqR,2025-06-23 Mon,41,"mug'zee, heads of security",mythic,10938456,11114839,176.383,wipe,51.6,15.14,138
MymtjWk9brQ6aBqR,2025-06-23 Mon,43,"mug'zee, heads of security",mythic,11197656,11255975,58.319,wipe,84.75,15.14,139
MymtjWk9brQ6aBqR,2025-06-23 Mon,45,"mug'zee, heads of security",mythic,11325232,11653640,328.408,wipe,10.03,10.03,140
F9xXwVZj8P4KmkyT,2025-06-25 Wed,9,"mug'zee, heads of security",mythic,1590558,1719452,128.894,wipe,63.91,10.03,141
F9xXwVZj8P4KmkyT,2025-06-25 Wed,11,"mug'zee, heads of security",mythic,1823524,2107111,283.587,wipe,18.15,10.03,142
F9xXwVZj8P4KmkyT,2025-06-25 Wed,12,"mug'zee, heads of security",mythic,2249641,2561978,312.337,wipe,17.8,10.03,143
F9xXwVZj8P4KmkyT,2025-06-25 Wed,13,"mug'zee, heads of security",mythic,2789942,2828776,38.834,wipe,88.03,10.03,144
F9xXwVZj8P4KmkyT,2025-06-25 Wed,15,"mug'zee, heads of security",mythic,2876573,2917073,40.5,wipe,87.98,10.03,145
F9xXwVZj8P4KmkyT,2025-06-25 Wed,16,"mug'zee, heads of security",mythic,3001255,3159670,158.415,wipe,52.73,10.03,146
F9xXwVZj8P4KmkyT,2025-06-25 Wed,18,"mug'zee, heads of security",mythic,3222309,3382693,160.384,wipe,53.65,10.03,147
F9xXwVZj8P4KmkyT,2025-06-25 Wed,20,"mug'zee, heads of security",mythic,3456897,3591628,134.731,wipe,63.1,10.03,148
F9xXwVZj8P4KmkyT,2025-06-25 Wed,22,"mug'zee, heads of security",mythic,3670852,3977818,306.966,wipe,13.76,10.03,149
F9xXwVZj8P4KmkyT,2025-06-25 Wed,23,"mug'zee, heads of security",mythic,4250534,4311314,60.78,wipe,86.66,10.03,150
F9xXwVZj8P4KmkyT,2025-06-25 Wed,25,"mug'zee, heads of security",mythic,4392156,4715062,322.906,wipe,15.56,10.03,151
F9xXwVZj8P4KmkyT,2025-06-25 Wed,26,"mug'zee, heads of security",mythic,4939311,5226843,287.532,wipe,17.69,10.03,152
F9xXwVZj8P4KmkyT,2025-06-25 Wed,27,"mug'zee, heads of security",mythic,6240304,6506425,266.121,wipe,21.1,10.03,153
F9xXwVZj8P4KmkyT,2025-06-25 Wed,29,"mug'zee, heads of security",mythic,6575895,6871035,295.14,wipe,12.22,10.03,154
F9xXwVZj8P4KmkyT,2025-06-25 Wed,30,"mug'zee, heads of security",mythic,6960250,7088885,128.635,wipe,60.95,10.03,155
F9xXwVZj8P4KmkyT,2025-06-25 Wed,32,"mug'zee, heads of security",mythic,7160560,7467749,307.189,wipe,11.34,10.03,156
F9xXwVZj8P4KmkyT,2025-06-25 Wed,33,"mug'zee, heads of security",mythic,7690542,7769095,78.553,wipe,76.77,10.03,157
F9xXwVZj8P4KmkyT,2025-06-25 Wed,34,"mug'zee, heads of security",mythic,7828711,7958662,129.951,wipe,63.27,10.03,158
F9xXwVZj8P4KmkyT,2025-06-25 Wed,36,"mug'zee, heads of security",mythic,8046922,8372607,325.685,wipe,8.55,8.55,159
F9xXwVZj8P4KmkyT,2025-06-25 Wed,37,"mug'zee, heads of security",mythic,8620254,8950399,330.145,wipe,10.37,8.55,160
F9xXwVZj8P4KmkyT,2025-06-25 Wed,38,"mug'zee, heads of security",mythic,9044918,9280500,235.582,wipe,26.83,8.55,161
F9xXwVZj8P4KmkyT,2025-06-25 Wed,40,"mug'zee, heads of security",mythic,9359969,9527286,167.317,wipe,53.56,8.55,162
F9xXwVZj8P4KmkyT,2025-06-25 Wed,41,"mug'zee, heads of security",mythic,9600707,9882178,281.471,wipe,17.46,8.55,163
F9xXwVZj8P4KmkyT,2025-06-25 Wed,44,"mug'zee, heads of security",mythic,9969128,10228107,258.979,wipe,21.89,8.55,164
F9xXwVZj8P4KmkyT,2025-06-25 Wed,46,"mug'zee, heads of security",mythic,10314518,10504139,189.621,wipe,42.88,8.55,165
F9xXwVZj8P4KmkyT,2025-06-25 Wed,48,"mug'zee, heads of security",mythic,10566846,10727319,160.473,wipe,51.76,8.55,166
F9xXwVZj8P4KmkyT,2025-06-25 Wed,49,"mug'zee, heads of security",mythic,10794032,10854899,60.867,wipe,86.46,8.55,167
RqBF9J8d7jKzpVDM,2025-06-30 Mon,5,"mug'zee, heads of security",mythic,2550273,2678005,127.732,wipe,63.17,8.55,168
RqBF9J8d7jKzpVDM,2025-06-30 Mon,7,"mug'zee, heads of security",mythic,2737850,2895592,157.742,wipe,56.93,8.55,169
RqBF9J8d7jKzpVDM,2025-06-30 Mon,9,"mug'zee, heads of security",mythic,2961691,3029507,67.816,wipe,81.77,8.55,170
RqBF9J8d7jKzpVDM,2025-06-30 Mon,11,"mug'zee, heads of security",mythic,3099226,3376214,276.988,wipe,18.11,8.55,171
RqBF9J8d7jKzpVDM,2025-06-30 Mon,12,"mug'zee, heads of security",mythic,3479021,3608814,129.793,wipe,62.51,8.55,172
RqBF9J8d7jKzpVDM,2025-06-30 Mon,14,"mug'zee, heads of security",mythic,3706795,3931528,224.733,wipe,39.17,8.55,173
RqBF9J8d7jKzpVDM,2025-06-30 Mon,16,"mug'zee, heads of security",mythic,4023351,4093748,70.397,wipe,77.69,8.55,174
RqBF9J8d7jKzpVDM,2025-06-30 Mon,18,"mug'zee, heads of security",mythic,4180597,4299329,118.732,wipe,67.01,8.55,175
RqBF9J8d7jKzpVDM,2025-06-30 Mon,20,"mug'zee, heads of security",mythic,4384394,4568655,184.261,wipe,52.89,8.55,176
RqBF9J8d7jKzpVDM,2025-06-30 Mon,21,"mug'zee, heads of security",mythic,4642793,4687853,45.06,wipe,87.12,8.55,177
RqBF9J8d7jKzpVDM,2025-06-30 Mon,23,"mug'zee, heads of security",mythic,4758178,5016855,258.677,wipe,26.06,8.55,178
RqBF9J8d7jKzpVDM,2025-06-30 Mon,25,"mug'zee, heads of security",mythic,5440797,5495092,54.295,wipe,85.99,8.55,179
RqBF9J8d7jKzpVDM,2025-06-30 Mon,27,"mug'zee, heads of security",mythic,5549039,5675305,126.266,wipe,64.47,8.55,180
RqBF9J8d7jKzpVDM,2025-06-30 Mon,29,"mug'zee, heads of security",mythic,5769823,5817004,47.181,wipe,85.67,8.55,181
RqBF9J8d7jKzpVDM,2025-06-30 Mon,31,"mug'zee, heads of security",mythic,5879609,6212497,332.888,wipe,7.15,7.15,182
RqBF9J8d7jKzpVDM,2025-06-30 Mon,33,"mug'zee, heads of security",mythic,6309498,6432033,122.535,wipe,68.18,7.15,183
RqBF9J8d7jKzpVDM,2025-06-30 Mon,35,"mug'zee, heads of security",mythic,6520707,6861034,340.327,wipe,6.26,6.26,184
RqBF9J8d7jKzpVDM,2025-06-30 Mon,36,"mug'zee, heads of security",mythic,7143416,7364447,221.031,wipe,39.71,6.26,185
RqBF9J8d7jKzpVDM,2025-06-30 Mon,38,"mug'zee, heads of security",mythic,8410189,8537617,127.428,wipe,62.51,6.26,186
RqBF9J8d7jKzpVDM,2025-06-30 Mon,40,"mug'zee, heads of security",mythic,8617374,8922573,305.199,wipe,13.26,6.26,187
RqBF9J8d7jKzpVDM,2025-06-30 Mon,42,"mug'zee, heads of security",mythic,9248763,9554670,305.907,wipe,12.38,6.26,188
RqBF9J8d7jKzpVDM,2025-06-30 Mon,43,"mug'zee, heads of security",mythic,9638614,9921811,283.197,wipe,14.92,6.26,189
RqBF9J8d7jKzpVDM,2025-06-30 Mon,44,"mug'zee, heads of security",mythic,10006606,10335834,329.228,wipe,9.88,6.26,190
RqBF9J8d7jKzpVDM,2025-06-30 Mon,45,"mug'zee, heads of security",mythic,10525815,10804244,278.429,wipe,18.79,6.26,191
RqBF9J8d7jKzpVDM,2025-06-30 Mon,46,"mug'zee, heads of security",mythic,10889415,11015666,126.251,wipe,64.37,6.26,192
RqBF9J8d7jKzpVDM,2025-06-30 Mon,50,"mug'zee, heads of security",mythic,11156821,11343000,186.179,wipe,46.15,6.26,193
RqBF9J8d7jKzpVDM,2025-06-30 Mon,51,"mug'zee, heads of security",mythic,11422941,11475088,52.147,wipe,85.98,6.26,194
RqBF9J8d7jKzpVDM,2025-06-30 Mon,53,"mug'zee, heads of security",mythic,11584883,11804782,219.899,wipe,38.97,6.26,195
RqBF9J8d7jKzpVDM,2025-06-30 Mon,55,"mug'zee, heads of security",mythic,11889389,12212338,322.949,wipe,10.55,6.26,196
RqBF9J8d7jKzpVDM,2025-06-30 Mon,56,"mug'zee, heads of security",mythic,12320651,12513735,193.084,wipe,41.73,6.26,197
RqBF9J8d7jKzpVDM,2025-06-30 Mon,58,"mug'zee, heads of security",mythic,12600429,12770800,170.371,wipe,51.08,6.26,198
XyFknKqWVBzcP2fM,2025-07-02 Wed,6,"mug'zee, heads of security",mythic,1890221,2198004,307.783,wipe,15.04,6.26,199
XyFknKqWVBzcP2fM,2025-07-02 Wed,7,"mug'zee, heads of security",mythic,2305290,2610817,305.527,wipe,11.52,6.26,200
XyFknKqWVBzcP2fM,2025-07-02 Wed,8,"mug'zee, heads of security",mythic,2762063,3094433,332.37,kill,0.0,0.0,201
VJKqP6j2zY9QhpH8,2025-03-17 Mon,11,one-armed bandit,heroic,2736163,2869141,132.978,wipe,66.67,66.67,1
VJKqP6j2zY9QhpH8,2025-03-17 Mon,12,one-armed bandit,heroic,2960876,3093812,132.936,wipe,69.2,66.67,2
VJKqP6j2zY9QhpH8,2025-03-17 Mon,13,one-armed bandit,heroic,3232708,3305224,72.516,wipe,80.2,66.67,3
VJKqP6j2zY9QhpH8,2025-03-17 Mon,14,one-armed bandit,heroic,3378993,3515882,136.889,wipe,67.37,66.67,4
VJKqP6j2zY9QhpH8,2025-03-17 Mon,15,one-armed bandit,heroic,3597765,3780617,182.852,wipe,57.08,57.08,5
VJKqP6j2zY9QhpH8,2025-03-17 Mon,16,one-armed bandit,heroic,3946558,4209387,262.829,wipe,38.67,38.67,6
VJKqP6j2zY9QhpH8,2025-03-17 Mon,17,one-armed bandit,heroic,4371238,4513924,142.686,wipe,67.9,38.67,7
VJKqP6j2zY9QhpH8,2025-03-17 Mon,18,one-armed bandit,heroic,4625196,4994241,369.045,wipe,0.65,0.65,8
VJKqP6j2zY9QhpH8,2025-03-17 Mon,19,one-armed bandit,heroic,5091433,5467280,375.847,kill,0.0,0.0,9
DFANHypwvLTzfWaQ,2025-03-19 Wed,33,one-armed bandit,heroic,4139547,4446555,307.008,kill,0.0,0.0,10
cb6aVy4NDKAnLr3J,2025-03-26 Wed,34,one-armed bandit,heroic,3678761,3940683,261.922,kill,0.0,0.0,11
c8PFLg3WkCAvBazr,2025-04-09 Wed,10,one-armed bandit,heroic,1556926,1755379,198.453,wipe,30.44,0.0,12
c8PFLg3WkCAvBazr,2025-04-09 Wed,11,one-armed bandit,heroic,1904129,2168653,264.524,kill,0.0,0.0,13
vyAkKQ9zLWFtGbcN,2025-04-16 Wed,8,one-armed bandit,heroic,1366687,1600419,233.732,kill,0.0,0.0,14
3aTr1CZGbjHwqxmX,2025-04-23 Wed,7,one-armed bandit,heroic,1662532,1891000,228.468,kill,0.0,0.0,15
9WCTwGtmkvpLVJzx,2025-04-30 Wed,7,one-armed bandit,heroic,1249268,1488415,239.147,kill,0.0,0.0,16
hzQfK6NLbRvWAjrg,2025-05-07 Wed,10,one-armed bandit,heroic,1633878,1850577,216.699,kill,0.0,0.0,17
hvzV9HgKJYGBNdCq,2025-05-21 Wed,12,one-armed bandit,heroic,1472316,1664220,191.904,kill,0.0,0.0,18
NzGpwY6AqHFRjrvn,2025-05-28 Wed,8,one-armed bandit,heroic,1189618,1354978,165.36,kill,0.0,0.0,19
kzTgc1LJ4ZnHhdb6,2025-06-04 Wed,10,one-armed bandit,heroic,1853562,2024829,171.267,kill,0.0,0.0,20
jmpyLVFaKX8qvZD7,2025-06-11 Wed,9,one-armed bandit,heroic,1756917,1947645,190.728,kill,0.0,0.0,21
WF39LNayZYcjkhwH,2025-05-26 Mon,15,one-armed bandit,mythic,1116462,1179591,63.129,wipe,83.94,83.94,1
WF39LNayZYcjkhwH,2025-05-26 Mon,16,one-armed bandit,mythic,1264202,1341923,77.721,wipe,83.53,83.53,2
WF39LNayZYcjkhwH,2025-05-26 Mon,17,one-armed bandit,mythic,1427490,1493422,65.932,wipe,83.64,83.53,3
WF39LNayZYcjkhwH,2025-05-26 Mon,18,one-armed bandit,mythic,1575617,1648749,73.132,wipe,81.74,81.74,4
WF39LNayZYcjkhwH,2025-05-26 Mon,19,one-armed bandit,mythic,1739596,1852639,113.043,wipe,76.55,76.55,5
WF39LNayZYcjkhwH,2025-05-26 Mon,20,one-armed bandit,mythic,1949556,2015993,66.437,wipe,82.53,76.55,6
WF39LNayZYcjkhwH,2025-05-26 Mon,21,one-armed bandit,mythic,2120322,2187027,66.705,wipe,82.25,76.55,7
WF39LNayZYcjkhwH,2025-05-26 Mon,23,one-armed bandit,mythic,2284082,2347525,63.443,wipe,82.92,76.55,8
WF39LNayZYcjkhwH,2025-05-26 Mon,24,one-armed bandit,mythic,2416779,2486181,69.402,wipe,81.61,76.55,9
WF39LNayZYcjkhwH,2025-05-26 Mon,25,one-armed bandit,mythic,2564738,2778901,214.163,wipe,54.12,54.12,10
WF39LNayZYcjkhwH,2025-05-26 Mon,26,one-armed bandit,mythic,2941840,3058501,116.661,wipe,73.38,54.12,11
WF39LNayZYcjkhwH,2025-05-26 Mon,28,one-armed bandit,mythic,3129042,3243448,114.406,wipe,73.54,54.12,12
WF39LNayZYcjkhwH,2025-05-26 Mon,29,one-armed bandit,mythic,3347181,3523751,176.57,wipe,62.12,54.12,13
WF39LNayZYcjkhwH,2025-05-26 Mon,30,one-armed bandit,mythic,3700901,3763604,62.703,wipe,82.07,54.12,14
WF39LNayZYcjkhwH,2025-05-26 Mon,31,one-armed bandit,mythic,3843889,3961789,117.9,wipe,72.71,54.12,15
WF39LNayZYcjkhwH,2025-05-26 Mon,32,one-armed bandit,mythic,4133628,4239929,106.301,wipe,77.01,54.12,16
WF39LNayZYcjkhwH,2025-05-26 Mon,34,one-armed bandit,mythic,4315653,4581405,265.752,wipe,49.19,49.19,17
WF39LNayZYcjkhwH,2025-05-26 Mon,36,one-armed bandit,mythic,4698413,4762611,64.198,wipe,84.88,49.19,18
WF39LNayZYcjkhwH,2025-05-26 Mon,37,one-armed bandit,mythic,4828237,4993372,165.135,wipe,66.14,49.19,19
WF39LNayZYcjkhwH,2025-05-26 Mon,38,one-armed bandit,mythic,5088291,5204275,115.984,wipe,71.91,49.19,20
WF39LNayZYcjkhwH,2025-05-26 Mon,39,one-armed bandit,mythic,5321269,5441386,120.117,wipe,71.08,49.19,21
WF39LNayZYcjkhwH,2025-05-26 Mon,40,one-armed bandit,mythic,5538805,5615307,76.502,wipe,82.41,49.19,22
WF39LNayZYcjkhwH,2025-05-26 Mon,41,one-armed bandit,mythic,5736630,5857334,120.704,wipe,73.88,49.19,23
WF39LNayZYcjkhwH,2025-05-26 Mon,42,one-armed bandit,mythic,6803149,6917990,114.841,wipe,72.92,49.19,24
WF39LNayZYcjkhwH,2025-05-26 Mon,43,one-armed bandit,mythic,7011044,7125130,114.086,wipe,74.12,49.19,25
WF39LNayZYcjkhwH,2025-05-26 Mon,45,one-armed bandit,mythic,7192515,7309630,117.115,wipe,73.22,49.19,26
WF39LNayZYcjkhwH,2025-05-26 Mon,46,one-armed bandit,mythic,7397142,7515529,118.387,wipe,71.97,49.19,27
WF39LNayZYcjkhwH,2025-05-26 Mon,48,one-armed bandit,mythic,7681867,7891083,209.216,wipe,57.82,49.19,28
WF39LNayZYcjkhwH,2025-05-26 Mon,49,one-armed bandit,mythic,7992948,8103427,110.479,wipe,77.54,49.19,29
WF39LNayZYcjkhwH,2025-05-26 Mon,51,one-armed bandit,mythic,8206555,8332836,126.281,wipe,69.55,49.19,30
WF39LNayZYcjkhwH,2025-05-26 Mon,52,one-armed bandit,mythic,8433227,8547466,114.239,wipe,71.59,49.19,31
WF39LNayZYcjkhwH,2025-05-26 Mon,53,one-armed bandit,mythic,8631276,8742109,110.833,wipe,76.96,49.19,32
WF39LNayZYcjkhwH,2025-05-26 Mon,55,one-armed bandit,mythic,8841852,8969943,128.091,wipe,69.17,49.19,33
WF39LNayZYcjkhwH,2025-05-26 Mon,56,one-armed bandit,mythic,9043961,9128553,84.592,wipe,81.77,49.19,34
WF39LNayZYcjkhwH,2025-05-26 Mon,57,one-armed bandit,mythic,9202249,9302378,100.129,wipe,78.57,49.19,35
WF39LNayZYcjkhwH,2025-05-26 Mon,58,one-armed bandit,mythic,9375798,9490099,114.301,wipe,73.31,49.19,36
WF39LNayZYcjkhwH,2025-05-26 Mon,59,one-armed bandit,mythic,9587275,9702408,115.133,wipe,73.68,49.19,37
WF39LNayZYcjkhwH,2025-05-26 Mon,63,one-armed bandit,mythic,9920316,10048269,127.953,wipe,71.6,49.19,38
WF39LNayZYcjkhwH,2025-05-26 Mon,64,one-armed bandit,mythic,10127416,10191792,64.376,wipe,83.54,49.19,39
WF39LNayZYcjkhwH,2025-05-26 Mon,65,one-armed bandit,mythic,10260621,10384753,124.132,wipe,71.52,49.19,40
WF39LNayZYcjkhwH,2025-05-26 Mon,66,one-armed bandit,mythic,10517002,10741489,224.487,wipe,51.32,49.19,41
WF39LNayZYcjkhwH,2025-05-26 Mon,67,one-armed bandit,mythic,10815568,10987969,172.401,wipe,62.17,49.19,42
WF39LNayZYcjkhwH,2025-05-26 Mon,68,one-armed bandit,mythic,11080322,11297668,217.346,wipe,56.45,49.19,43
NzGpwY6AqHFRjrvn,2025-05-28 Wed,26,one-armed bandit,mythic,3792944,3874967,82.023,wipe,81.77,49.19,44
NzGpwY6AqHFRjrvn,2025-05-28 Wed,27,one-armed bandit,mythic,4021295,4142813,121.518,wipe,72.72,49.19,45
NzGpwY6AqHFRjrvn,2025-05-28 Wed,28,one-armed bandit,mythic,4379762,4493924,114.162,wipe,73.16,49.19,46
NzGpwY6AqHFRjrvn,2025-05-28 Wed,30,one-armed bandit,mythic,4676107,4773292,97.185,wipe,79.81,49.19,47
NzGpwY6AqHFRjrvn,2025-05-28 Wed,32,one-armed bandit,mythic,4861123,4976398,115.275,wipe,73.13,49.19,48
NzGpwY6AqHFRjrvn,2025-05-28 Wed,33,one-armed bandit,mythic,5117082,5333490,216.408,wipe,52.64,49.19,49
NzGpwY6AqHFRjrvn,2025-05-28 Wed,34,one-armed bandit,mythic,5468991,5735886,266.895,wipe,34.99,34.99,50
NzGpwY6AqHFRjrvn,2025-05-28 Wed,35,one-armed bandit,mythic,6911075,7026621,115.546,wipe,71.31,34.99,51
NzGpwY6AqHFRjrvn,2025-05-28 Wed,36,one-armed bandit,mythic,7114446,7229597,115.151,wipe,72.27,34.99,52
NzGpwY6AqHFRjrvn,2025-05-28 Wed,38,one-armed bandit,mythic,7356313,7418396,62.083,wipe,82.21,34.99,53
NzGpwY6AqHFRjrvn,2025-05-28 Wed,39,one-armed bandit,mythic,7604703,7875164,270.461,wipe,37.35,34.99,54
NzGpwY6AqHFRjrvn,2025-05-28 Wed,40,one-armed bandit,mythic,7952409,8116608,164.199,wipe,62.68,34.99,55
NzGpwY6AqHFRjrvn,2025-05-28 Wed,41,one-armed bandit,mythic,8255641,8530437,274.796,wipe,39.58,34.99,56
NzGpwY6AqHFRjrvn,2025-05-28 Wed,42,one-armed bandit,mythic,8646968,8869181,222.213,wipe,46.32,34.99,57
NzGpwY6AqHFRjrvn,2025-05-28 Wed,43,one-armed bandit,mythic,8965109,9079206,114.097,wipe,71.26,34.99,58
NzGpwY6AqHFRjrvn,2025-05-28 Wed,44,one-armed bandit,mythic,9155071,9323322,168.251,wipe,58.83,34.99,59
NzGpwY6AqHFRjrvn,2025-05-28 Wed,45,one-armed bandit,mythic,9396702,9668072,271.37,wipe,31.63,31.63,60
NzGpwY6AqHFRjrvn,2025-05-28 Wed,46,one-armed bandit,mythic,9775342,9992945,217.603,wipe,51.79,31.63,61
NzGpwY6AqHFRjrvn,2025-05-28 Wed,47,one-armed bandit,mythic,10075892,10190422,114.53,wipe,71.72,31.63,62
NzGpwY6AqHFRjrvn,2025-05-28 Wed,48,one-armed bandit,mythic,10263440,10595120,331.68,wipe,24.05,24.05,63
NzGpwY6AqHFRjrvn,2025-05-28 Wed,49,one-armed bandit,mythic,10706708,10782999,76.291,wipe,82.05,24.05,64
NzGpwY6AqHFRjrvn,2025-05-28 Wed,50,one-armed bandit,mythic,10853577,10970114,116.537,wipe,73.19,24.05,65
NzGpwY6AqHFRjrvn,2025-05-28 Wed,51,one-armed bandit,mythic,11063742,11181667,117.925,wipe,67.48,24.05,66
NzGpwY6AqHFRjrvn,2025-05-28 Wed,52,one-armed bandit,mythic,11282662,11550773,268.111,wipe,34.4,24.05,67
NxRd2Xa3ThnmH4AC,2025-06-02 Mon,9,one-armed bandit,mythic,1704691,1920836,216.145,wipe,48.06,24.05,68
NxRd2Xa3ThnmH4AC,2025-06-02 Mon,10,one-armed bandit,mythic,2008352,2125129,116.777,wipe,70.73,24.05,69
NxRd2Xa3ThnmH4AC,2025-06-02 Mon,11,one-armed bandit,mythic,2224911,2337858,112.947,wipe,70.18,24.05,70
NxRd2Xa3ThnmH4AC,2025-06-02 Mon,12,one-armed bandit,mythic,2461865,2715703,253.838,wipe,42.98,24.05,71
NxRd2Xa3ThnmH4AC,2025-06-02 Mon,13,one-armed bandit,mythic,2873930,2935928,61.998,wipe,84.01,24.05,72
NxRd2Xa3ThnmH4AC,2025-06-02 Mon,14,one-armed bandit,mythic,3005628,3338824,333.196,wipe,20.38,20.38,73
NxRd2Xa3ThnmH4AC,2025-06-02 Mon,16,one-armed bandit,mythic,3547957,3721567,173.61,wipe,57.43,20.38,74
NxRd2Xa3ThnmH4AC,2025-06-02 Mon,17,one-armed bandit,mythic,3787500,3956522,169.022,wipe,58.04,20.38,75
NxRd2Xa3ThnmH4AC,2025-06-02 Mon,18,one-armed bandit,mythic,4166342,4289132,122.79,wipe,71.65,20.38,76
NxRd2Xa3ThnmH4AC,2025-06-02 Mon,19,one-armed bandit,mythic,4385548,4502679,117.131,wipe,69.31,20.38,77
NxRd2Xa3ThnmH4AC,2025-06-02 Mon,20,one-armed bandit,mythic,4563357,4891393,328.036,wipe,27.4,20.38,78
NxRd2Xa3ThnmH4AC,2025-06-02 Mon,21,one-armed bandit,mythic,5042186,5204807,162.621,wipe,60.0,20.38,79
NxRd2Xa3ThnmH4AC,2025-06-02 Mon,22,one-armed bandit,mythic,5295871,5469351,173.48,wipe,55.34,20.38,80
NxRd2Xa3ThnmH4AC,2025-06-02 Mon,23,one-armed bandit,mythic,5659119,6000584,341.465,wipe,16.96,16.96,81
NxRd2Xa3ThnmH4AC,2025-06-02 Mon,25,one-armed bandit,mythic,6810847,6929320,118.473,wipe,68.77,16.96,82
NxRd2Xa3ThnmH4AC,2025-06-02 Mon,26,one-armed bandit,mythic,7036245,7347030,310.785,wipe,27.0,16.96,83
NxRd2Xa3ThnmH4AC,2025-06-02 Mon,28,one-armed bandit,mythic,7432484,7686497,254.013,wipe,36.4,16.96,84
NxRd2Xa3ThnmH4AC,2025-06-02 Mon,29,one-armed bandit,mythic,7760114,8110381,350.267,wipe,6.76,6.76,85
NxRd2Xa3ThnmH4AC,2025-06-02 Mon,30,one-armed bandit,mythic,8261248,8628612,367.364,kill,0.0,0.0,86
DFANHypwvLTzfWaQ,2025-03-19 Wed,13,rik reverb,heroic,1628261,1780255,151.994,wipe,31.14,31.14,1
DFANHypwvLTzfWaQ,2025-03-19 Wed,15,rik reverb,heroic,1885391,2075782,190.391,kill,0.0,0.0,2
cb6aVy4NDKAnLr3J,2025-03-26 Wed,15,rik reverb,heroic,1844008,2029513,185.505,kill,0.0,0.0,3
GmxPY2Jqpaf3tNwD,2025-04-02 Wed,23,rik reverb,heroic,3694025,3875249,181.224,kill,0.0,0.0,4
NydaKxcRtAhBj9D4,2025-03-31 Mon,22,rik reverb,mythic,4379902,4477563,97.661,wipe,67.08,67.08,1
NydaKxcRtAhBj9D4,2025-03-31 Mon,23,rik reverb,mythic,4577365,4699143,121.778,wipe,61.75,61.75,2
NydaKxcRtAhBj9D4,2025-03-31 Mon,24,rik reverb,mythic,4766557,4894105,127.548,wipe,58.06,58.06,3
NydaKxcRtAhBj9D4,2025-03-31 Mon,25,rik reverb,mythic,5042225,5173180,130.955,wipe,61.54,58.06,4
NydaKxcRtAhBj9D4,2025-03-31 Mon,26,rik reverb,mythic,5336661,5465341,128.68,wipe,60.89,58.06,5
NydaKxcRtAhBj9D4,2025-03-31 Mon,28,rik reverb,mythic,5542028,5726729,184.701,wipe,56.91,56.91,6
NydaKxcRtAhBj9D4,2025-03-31 Mon,39,rik reverb,mythic,6531644,6661454,129.81,wipe,59.52,56.91,7
NydaKxcRtAhBj9D4,2025-03-31 Mon,40,rik reverb,mythic,6724885,6933294,208.409,wipe,46.29,46.29,8
NydaKxcRtAhBj9D4,2025-03-31 Mon,41,rik reverb,mythic,6999623,7185719,186.096,wipe,58.83,46.29,9
NydaKxcRtAhBj9D4,2025-03-31 Mon,42,rik reverb,mythic,7244833,7536028,291.195,wipe,31.3,31.3,10
NydaKxcRtAhBj9D4,2025-03-31 Mon,43,rik reverb,mythic,7615130,7825239,210.109,wipe,44.51,31.3,11
NydaKxcRtAhBj9D4,2025-03-31 Mon,44,rik reverb,mythic,7904018,8080483,176.465,wipe,55.61,31.3,12
NydaKxcRtAhBj9D4,2025-03-31 Mon,46,rik reverb,mythic,8170054,8381569,211.515,wipe,45.49,31.3,13
NydaKxcRtAhBj9D4,2025-03-31 Mon,48,rik reverb,mythic,8526952,8657398,130.446,wipe,60.13,31.3,14
NydaKxcRtAhBj9D4,2025-03-31 Mon,50,rik reverb,mythic,8774932,9049378,274.446,wipe,29.09,29.09,15
NydaKxcRtAhBj9D4,2025-03-31 Mon,51,rik reverb,mythic,9131322,9261076,129.754,wipe,58.57,29.09,16
NydaKxcRtAhBj9D4,2025-03-31 Mon,52,rik reverb,mythic,9339524,9510936,171.412,wipe,57.59,29.09,17
NydaKxcRtAhBj9D4,2025-03-31 Mon,54,rik reverb,mythic,9621672,9778476,156.804,wipe,56.5,29.09,18
NydaKxcRtAhBj9D4,2025-03-31 Mon,56,rik reverb,mythic,9849987,10071545,221.558,wipe,43.93,29.09,19
NydaKxcRtAhBj9D4,2025-03-31 Mon,57,rik reverb,mythic,10144871,10320980,176.109,wipe,55.74,29.09,20
NydaKxcRtAhBj9D4,2025-03-31 Mon,59,rik reverb,mythic,10415385,10691669,276.284,wipe,31.88,29.09,21
NydaKxcRtAhBj9D4,2025-03-31 Mon,60,rik reverb,mythic,10821647,11096245,274.598,wipe,29.01,29.01,22
NydaKxcRtAhBj9D4,2025-03-31 Mon,62,rik reverb,mythic,11190629,11544584,353.955,wipe,11.74,11.74,23
GmxPY2Jqpaf3tNwD,2025-04-02 Wed,51,rik reverb,mythic,9028046,9162781,134.735,wipe,59.05,11.74,24
GmxPY2Jqpaf3tNwD,2025-04-02 Wed,52,rik reverb,mythic,9279140,9458665,179.525,wipe,54.71,11.74,25
GmxPY2Jqpaf3tNwD,2025-04-02 Wed,53,rik reverb,mythic,9521714,9740070,218.356,wipe,40.38,11.74,26
GmxPY2Jqpaf3tNwD,2025-04-02 Wed,54,rik reverb,mythic,9941767,10215875,274.108,wipe,35.56,11.74,27
GmxPY2Jqpaf3tNwD,2025-04-02 Wed,55,rik reverb,mythic,10305834,10642247,336.413,wipe,28.36,11.74,28
GmxPY2Jqpaf3tNwD,2025-04-02 Wed,56,rik reverb,mythic,10738999,10915890,176.891,wipe,56.69,11.74,29
GmxPY2Jqpaf3tNwD,2025-04-02 Wed,57,rik reverb,mythic,10982261,11316516,334.255,wipe,20.79,11.74,30
GmxPY2Jqpaf3tNwD,2025-04-02 Wed,58,rik reverb,mythic,11390665,11540264,149.599,wipe,56.55,11.74,31
GmxPY2Jqpaf3tNwD,2025-04-02 Wed,59,rik reverb,mythic,11605878,11890168,284.29,wipe,32.24,11.74,32
BqNcn4Tbk3M8X92f,2025-04-07 Mon,1,rik reverb,mythic,96545,489698,393.153,kill,0.0,0.0,33
vyAkKQ9zLWFtGbcN,2025-04-16 Wed,38,rik reverb,mythic,5763092,5936187,173.095,wipe,54.95,0.0,34
vyAkKQ9zLWFtGbcN,2025-04-16 Wed,39,rik reverb,mythic,6020204,6151325,131.121,wipe,53.48,0.0,35
vyAkKQ9zLWFtGbcN,2025-04-16 Wed,44,rik reverb,mythic,7012316,7295872,283.556,wipe,17.91,0.0,36
vyAkKQ9zLWFtGbcN,2025-04-16 Wed,45,rik reverb,mythic,7368923,7728929,360.006,kill,0.0,0.0,37
3aTr1CZGbjHwqxmX,2025-04-23 Wed,34,rik reverb,mythic,6092728,6231540,138.812,wipe,52.25,0.0,38
3aTr1CZGbjHwqxmX,2025-04-23 Wed,36,rik reverb,mythic,6327850,6612597,284.747,wipe,17.17,0.0,39
3aTr1CZGbjHwqxmX,2025-04-23 Wed,43,rik reverb,mythic,7465429,7631857,166.428,wipe,53.93,0.0,40
3aTr1CZGbjHwqxmX,2025-04-23 Wed,45,rik reverb,mythic,7795799,8108539,312.74,wipe,16.46,0.0,41
3aTr1CZGbjHwqxmX,2025-04-23 Wed,46,rik reverb,mythic,8223438,8549184,325.746,wipe,15.52,0.0,42
3aTr1CZGbjHwqxmX,2025-04-23 Wed,47,rik reverb,mythic,8618757,8949147,330.39,kill,0.0,0.0,43
9WCTwGtmkvpLVJzx,2025-04-30 Wed,31,rik reverb,mythic,6616862,6770042,153.18,wipe,53.68,0.0,44
9WCTwGtmkvpLVJzx,2025-04-30 Wed,32,rik reverb,mythic,6919986,7280243,360.257,kill,0.0,0.0,45
hzQfK6NLbRvWAjrg,2025-05-07 Wed,32,rik reverb,mythic,4673114,4878612,205.498,wipe,37.84,0.0,46
hzQfK6NLbRvWAjrg,2025-05-07 Wed,34,rik reverb,mythic,5005751,5293213,287.462,wipe,14.32,0.0,47
hzQfK6NLbRvWAjrg,2025-05-07 Wed,35,rik reverb,mythic,5379328,5699568,320.24,kill,0.0,0.0,48
VJKqP6j2zY9QhpH8,2025-03-17 Mon,4,sprocketmonger lockenstock,heroic,1326223,1580921,254.698,wipe,14.99,14.99,1
VJKqP6j2zY9QhpH8,2025-03-17 Mon,5,sprocketmonger lockenstock,heroic,1690884,1963440,272.556,kill,0.0,0.0,2
DFANHypwvLTzfWaQ,2025-03-19 Wed,26,sprocketmonger lockenstock,heroic,3224820,3490530,265.71,kill,0.0,0.0,3
cb6aVy4NDKAnLr3J,2025-03-26 Wed,28,sprocketmonger lockenstock,heroic,2844077,3085077,241.0,kill,0.0,0.0,4
GmxPY2Jqpaf3tNwD,2025-04-02 Wed,27,sprocketmonger lockenstock,heroic,4260155,4481458,221.303,kill,0.0,0.0,5
xL9yRtDvjZK7QTYJ,2025-04-21 Mon,13,sprocketmonger lockenstock,mythic,3564027,3602464,38.437,wipe,90.54,90.54,1
xL9yRtDvjZK7QTYJ,2025-04-21 Mon,14,sprocketmonger lockenstock,mythic,3717289,3782744,65.455,wipe,80.88,80.88,2
xL9yRtDvjZK7QTYJ,2025-04-21 Mon,15,sprocketmonger lockenstock,mythic,3942148,4001872,59.724,wipe,81.71,80.88,3
xL9yRtDvjZK7QTYJ,2025-04-21 Mon,16,sprocketmonger lockenstock,mythic,4073110,4140583,67.473,wipe,79.66,79.66,4
xL9yRtDvjZK7QTYJ,2025-04-21 Mon,17,sprocketmonger lockenstock,mythic,4288287,4339633,51.346,wipe,82.77,79.66,5
xL9yRtDvjZK7QTYJ,2025-04-21 Mon,18,sprocketmonger lockenstock,mythic,4455807,4493980,38.173,wipe,90.74,79.66,6
xL9yRtDvjZK7QTYJ,2025-04-21 Mon,19,sprocketmonger lockenstock,mythic,4573765,4638329,64.564,wipe,78.85,78.85,7
xL9yRtDvjZK7QTYJ,2025-04-21 Mon,20,sprocketmonger lockenstock,mythic,4828753,4922714,93.961,wipe,78.58,78.58,8
xL9yRtDvjZK7QTYJ,2025-04-21 Mon,23,sprocketmonger lockenstock,mythic,6206089,6273439,67.35,wipe,82.14,78.58,9
xL9yRtDvjZK7QTYJ,2025-04-21 Mon,24,sprocketmonger lockenstock,mythic,6326435,6358067,31.632,wipe,99.32,78.58,10
xL9yRtDvjZK7QTYJ,2025-04-21 Mon,25,sprocketmonger lockenstock,mythic,6432624,6500456,67.832,wipe,77.53,77.53,11
xL9yRtDvjZK7QTYJ,2025-04-21 Mon,26,sprocketmonger lockenstock,mythic,6593068,6687723,94.655,wipe,71.84,71.84,12
xL9yRtDvjZK7QTYJ,2025-04-21 Mon,27,sprocketmonger lockenstock,mythic,6793911,6888947,95.036,wipe,70.46,70.46,13
xL9yRtDvjZK7QTYJ,2025-04-21 Mon,28,sprocketmonger lockenstock,mythic,6955199,7050019,94.82,wipe,72.76,70.46,14
xL9yRtDvjZK7QTYJ,2025-04-21 Mon,29,sprocketmonger lockenstock,mythic,7230810,7283943,53.133,wipe,85.31,70.46,15
xL9yRtDvjZK7QTYJ,2025-04-21 Mon,30,sprocketmonger lockenstock,mythic,7361763,7524909,163.146,wipe,62.21,62.21,16
xL9yRtDvjZK7QTYJ,2025-04-21 Mon,31,sprocketmonger lockenstock,mythic,7620490,7697189,76.699,wipe,76.64,62.21,17
xL9yRtDvjZK7QTYJ,2025-04-21 Mon,32,sprocketmonger lockenstock,mythic,7877134,7971781,94.647,wipe,71.04,62.21,18
xL9yRtDvjZK7QTYJ,2025-04-21 Mon,33,sprocketmonger lockenstock,mythic,8060091,8148726,88.635,wipe,77.12,62.21,19
xL9yRtDvjZK7QTYJ,2025-04-21 Mon,34,sprocketmonger lockenstock,mythic,8254411,8354166,99.755,wipe,71.36,62.21,20
xL9yRtDvjZK7QTYJ,2025-04-21 Mon,35,sprocketmonger lockenstock,mythic,8417607,8516612,99.005,wipe,70.47,62.21,21
xL9yRtDvjZK7QTYJ,2025-04-21 Mon,36,sprocketmonger lockenstock,mythic,8657970,8755344,97.374,wipe,69.79,62.21,22
xL9yRtDvjZK7QTYJ,2025-04-21 Mon,37,sprocketmonger lockenstock,mythic,8817912,8881091,63.179,wipe,78.51,62.21,23
xL9yRtDvjZK7QTYJ,2025-04-21 Mon,38,sprocketmonger lockenstock,mythic,9246668,9327062,80.394,wipe,75.63,62.21,24
xL9yRtDvjZK7QTYJ,2025-04-21 Mon,39,sprocketmonger lockenstock,mythic,9396275,9526850,130.575,wipe,65.61,62.21,25
xL9yRtDvjZK7QTYJ,2025-04-21 Mon,40,sprocketmonger lockenstock,mythic,9688324,9815758,127.434,wipe,64.46,62.21,26
xL9yRtDvjZK7QTYJ,2025-04-21 Mon,41,sprocketmonger lockenstock,mythic,9930758,10108503,177.745,wipe,59.52,59.52,27
xL9yRtDvjZK7QTYJ,2025-04-21 Mon,42,sprocketmonger lockenstock,mythic,10198370,10236926,38.556,wipe,89.02,59.52,28
xL9yRtDvjZK7QTYJ,2025-04-21 Mon,43,sprocketmonger lockenstock,mythic,10313219,10478470,165.251,wipe,61.41,59.52,29
xL9yRtDvjZK7QTYJ,2025-04-21 Mon,44,sprocketmonger lockenstock,mythic,10557187,10624734,67.547,wipe,78.45,59.52,30
xL9yRtDvjZK7QTYJ,2025-04-21 Mon,45,sprocketmonger lockenstock,mythic,10713235,10893201,179.966,wipe,56.35,56.35,31
xL9yRtDvjZK7QTYJ,2025-04-21 Mon,46,sprocketmonger lockenstock,mythic,10982057,11081558,99.501,wipe,70.86,56.35,32
xL9yRtDvjZK7QTYJ,2025-04-21 Mon,49,sprocketmonger lockenstock,mythic,11202363,11318995,116.632,wipe,68.5,56.35,33
xL9yRtDvjZK7QTYJ,2025-04-21 Mon,50,sprocketmonger lockenstock,mythic,11387961,11489031,101.07,wipe,70.02,56.35,34
MtdQYP9rX7GhVwga,2025-04-28 Mon,8,sprocketmonger lockenstock,mythic,1383042,1421103,38.061,wipe,91.38,56.35,35
MtdQYP9rX7GhVwga,2025-04-28 Mon,9,sprocketmonger lockenstock,mythic,1662337,1696318,33.981,wipe,99.95,56.35,36
MtdQYP9rX7GhVwga,2025-04-28 Mon,10,sprocketmonger lockenstock,mythic,1778482,1846584,68.102,wipe,78.86,56.35,37
MtdQYP9rX7GhVwga,2025-04-28 Mon,12,sprocketmonger lockenstock,mythic,1917836,1956802,38.966,wipe,87.17,56.35,38
MtdQYP9rX7GhVwga,2025-04-28 Mon,14,sprocketmonger lockenstock,mythic,2094219,2162245,68.026,wipe,76.98,56.35,39
MtdQYP9rX7GhVwga,2025-04-28 Mon,16,sprocketmonger lockenstock,mythic,2249345,2369496,120.151,wipe,71.36,56.35,40
MtdQYP9rX7GhVwga,2025-04-28 Mon,17,sprocketmonger lockenstock,mythic,2461401,2529603,68.202,wipe,76.58,56.35,41
MtdQYP9rX7GhVwga,2025-04-28 Mon,19,sprocketmonger lockenstock,mythic,2646721,2678913,32.192,wipe,86.65,56.35,42
MtdQYP9rX7GhVwga,2025-04-28 Mon,20,sprocketmonger lockenstock,mythic,2765242,2863743,98.501,wipe,67.89,56.35,43
MtdQYP9rX7GhVwga,2025-04-28 Mon,22,sprocketmonger lockenstock,mythic,2972353,3029321,56.968,wipe,84.3,56.35,44
MtdQYP9rX7GhVwga,2025-04-28 Mon,24,sprocketmonger lockenstock,mythic,3116078,3219911,103.833,wipe,68.23,56.35,45
MtdQYP9rX7GhVwga,2025-04-28 Mon,26,sprocketmonger lockenstock,mythic,3289141,3344726,55.585,wipe,84.86,56.35,46
MtdQYP9rX7GhVwga,2025-04-28 Mon,27,sprocketmonger lockenstock,mythic,3446210,3543594,97.384,wipe,71.34,56.35,47
MtdQYP9rX7GhVwga,2025-04-28 Mon,29,sprocketmonger lockenstock,mythic,3640566,3759438,118.872,wipe,66.84,56.35,48
MtdQYP9rX7GhVwga,2025-04-28 Mon,31,sprocketmonger lockenstock,mythic,3877075,4049507,172.432,wipe,58.57,56.35,49
MtdQYP9rX7GhVwga,2025-04-28 Mon,32,sprocketmonger lockenstock,mythic,4171511,4298860,127.349,wipe,67.48,56.35,50
MtdQYP9rX7GhVwga,2025-04-28 Mon,34,sprocketmonger lockenstock,mythic,4359188,4457410,98.222,wipe,74.0,56.35,51
MtdQYP9rX7GhVwga,2025-04-28 Mon,35,sprocketmonger lockenstock,mythic,4532259,4660432,128.173,wipe,66.13,56.35,52
MtdQYP9rX7GhVwga,2025-04-28 Mon,36,sprocketmonger lockenstock,mythic,4738193,4796578,58.385,wipe,85.95,56.35,53
MtdQYP9rX7GhVwga,2025-04-28 Mon,37,sprocketmonger lockenstock,mythic,4900581,5006428,105.847,wipe,70.76,56.35,54
MtdQYP9rX7GhVwga,2025-04-28 Mon,39,sprocketmonger lockenstock,mythic,5095518,5228853,133.335,wipe,60.22,56.35,55
MtdQYP9rX7GhVwga,2025-04-28 Mon,40,sprocketmonger lockenstock,mythic,5310688,5369020,58.332,wipe,82.47,56.35,56
MtdQYP9rX7GhVwga,2025-04-28 Mon,41,sprocketmonger lockenstock,mythic,5436941,5538586,101.645,wipe,68.25,56.35,57
MtdQYP9rX7GhVwga,2025-04-28 Mon,42,sprocketmonger lockenstock,mythic,5610518,5745104,134.586,wipe,65.38,56.35,58
MtdQYP9rX7GhVwga,2025-04-28 Mon,43,sprocketmonger lockenstock,mythic,5810279,5957547,147.268,wipe,61.27,56.35,59
MtdQYP9rX7GhVwga,2025-04-28 Mon,45,sprocketmonger lockenstock,mythic,7076646,7182855,106.209,wipe,73.07,56.35,60
MtdQYP9rX7GhVwga,2025-04-28 Mon,47,sprocketmonger lockenstock,mythic,7253268,7449163,195.895,wipe,53.12,53.12,61
MtdQYP9rX7GhVwga,2025-04-28 Mon,48,sprocketmonger lockenstock,mythic,7543493,7758543,215.05,wipe,56.83,53.12,62
MtdQYP9rX7GhVwga,2025-04-28 Mon,49,sprocketmonger lockenstock,mythic,7846056,8022267,176.211,wipe,51.85,51.85,63
MtdQYP9rX7GhVwga,2025-04-28 Mon,51,sprocketmonger lockenstock,mythic,8103871,8150758,46.887,wipe,84.56,51.85,64
MtdQYP9rX7GhVwga,2025-04-28 Mon,54,sprocketmonger lockenstock,mythic,8330274,8400935,70.661,wipe,77.53,51.85,65
MtdQYP9rX7GhVwga,2025-04-28 Mon,56,sprocketmonger lockenstock,mythic,8480379,8664860,184.481,wipe,50.66,50.66,66
MtdQYP9rX7GhVwga,2025-04-28 Mon,57,sprocketmonger lockenstock,mythic,8802169,8869929,67.76,wipe,80.34,50.66,67
MtdQYP9rX7GhVwga,2025-04-28 Mon,58,sprocketmonger lockenstock,mythic,8962701,9056911,94.21,wipe,68.08,50.66,68
MtdQYP9rX7GhVwga,2025-04-28 Mon,59,sprocketmonger lockenstock,mythic,9147020,9191078,44.058,wipe,87.4,50.66,69
MtdQYP9rX7GhVwga,2025-04-28 Mon,60,sprocketmonger lockenstock,mythic,9279189,9479814,200.625,wipe,48.79,48.79,70
MtdQYP9rX7GhVwga,2025-04-28 Mon,62,sprocketmonger lockenstock,mythic,9562575,9586747,24.172,wipe,99.93,48.79,71
MtdQYP9rX7GhVwga,2025-04-28 Mon,63,sprocketmonger lockenstock,mythic,9681931,9863150,181.219,wipe,54.84,48.79,72
MtdQYP9rX7GhVwga,2025-04-28 Mon,65,sprocketmonger lockenstock,mythic,9924406,10078850,154.444,wipe,60.16,48.79,73
MtdQYP9rX7GhVwga,2025-04-28 Mon,67,sprocketmonger lockenstock,mythic,10141853,10214496,72.643,wipe,78.91,48.79,74
MtdQYP9rX7GhVwga,2025-04-28 Mon,69,sprocketmonger lockenstock,mythic,10319805,10546976,227.171,wipe,42.2,42.2,75
MtdQYP9rX7GhVwga,2025-04-28 Mon,71,sprocketmonger lockenstock,mythic,10638510,10756555,118.045,wipe,66.53,42.2,76
MtdQYP9rX7GhVwga,2025-04-28 Mon,73,sprocketmonger lockenstock,mythic,10818182,11014286,196.104,wipe,45.38,42.2,77
MtdQYP9rX7GhVwga,2025-04-28 Mon,75,sprocketmonger lockenstock,mythic,11090363,11304182,213.819,wipe,50.96,42.2,78
MtdQYP9rX7GhVwga,2025-04-28 Mon,76,sprocketmonger lockenstock,mythic,11383405,11492251,108.846,wipe,69.83,42.2,79
DAQn38bGZFdRT67j,2025-05-05 Mon,10,sprocketmonger lockenstock,mythic,1307946,1405331,97.385,wipe,80.14,42.2,80
DAQn38bGZFdRT67j,2025-05-05 Mon,12,sprocketmonger lockenstock,mythic,1609784,1704362,94.578,wipe,76.51,42.2,81
DAQn38bGZFdRT67j,2025-05-05 Mon,14,sprocketmonger lockenstock,mythic,1859572,1910286,50.714,wipe,85.84,42.2,82
DAQn38bGZFdRT67j,2025-05-05 Mon,15,sprocketmonger lockenstock,mythic,2000618,2118265,117.647,wipe,66.65,42.2,83
DAQn38bGZFdRT67j,2025-05-05 Mon,17,sprocketmonger lockenstock,mythic,2176289,2273598,97.309,wipe,68.34,42.2,84
DAQn38bGZFdRT67j,2025-05-05 Mon,19,sprocketmonger lockenstock,mythic,2339764,2521644,181.88,wipe,52.41,42.2,85
DAQn38bGZFdRT67j,2025-05-05 Mon,20,sprocketmonger lockenstock,mythic,2607468,2800480,193.012,wipe,50.22,42.2,86
DAQn38bGZFdRT67j,2025-05-05 Mon,21,sprocketmonger lockenstock,mythic,2843743,2866944,23.201,wipe,99.99,42.2,87
DAQn38bGZFdRT67j,2025-05-05 Mon,22,sprocketmonger lockenstock,mythic,2947122,3030771,83.649,wipe,74.07,42.2,88
DAQn38bGZFdRT67j,2025-05-05 Mon,24,sprocketmonger lockenstock,mythic,3092555,3257612,165.057,wipe,56.44,42.2,89
DAQn38bGZFdRT67j,2025-05-05 Mon,26,sprocketmonger lockenstock,mythic,3318009,3369526,51.517,wipe,84.48,42.2,90
DAQn38bGZFdRT67j,2025-05-05 Mon,27,sprocketmonger lockenstock,mythic,3459848,3662349,202.501,wipe,47.82,42.2,91
DAQn38bGZFdRT67j,2025-05-05 Mon,28,sprocketmonger lockenstock,mythic,3816095,4001149,185.054,wipe,49.87,42.2,92
DAQn38bGZFdRT67j,2025-05-05 Mon,29,sprocketmonger lockenstock,mythic,4121341,4153512,32.171,wipe,91.34,42.2,93
DAQn38bGZFdRT67j,2025-05-05 Mon,30,sprocketmonger lockenstock,mythic,4234612,4419603,184.991,wipe,49.21,42.2,94
DAQn38bGZFdRT67j,2025-05-05 Mon,31,sprocketmonger lockenstock,mythic,4491755,4644894,153.139,wipe,57.46,42.2,95
DAQn38bGZFdRT67j,2025-05-05 Mon,32,sprocketmonger lockenstock,mythic,4743090,4825578,82.488,wipe,74.08,42.2,96
DAQn38bGZFdRT67j,2025-05-05 Mon,33,sprocketmonger lockenstock,mythic,4921001,5018292,97.291,wipe,67.61,42.2,97
DAQn38bGZFdRT67j,2025-05-05 Mon,35,sprocketmonger lockenstock,mythic,5106627,5191895,85.268,wipe,74.78,42.2,98
DAQn38bGZFdRT67j,2025-05-05 Mon,37,sprocketmonger lockenstock,mythic,5389825,5578639,188.814,wipe,50.04,42.2,99
DAQn38bGZFdRT67j,2025-05-05 Mon,38,sprocketmonger lockenstock,mythic,5708777,5920791,212.014,wipe,45.0,42.2,100
DAQn38bGZFdRT67j,2025-05-05 Mon,40,sprocketmonger lockenstock,mythic,6816872,6914443,97.571,wipe,68.44,42.2,101
DAQn38bGZFdRT67j,2025-05-05 Mon,42,sprocketmonger lockenstock,mythic,7010048,7238964,228.916,wipe,37.82,37.82,102
DAQn38bGZFdRT67j,2025-05-05 Mon,44,sprocketmonger lockenstock,mythic,7366452,7414479,48.027,wipe,83.73,37.82,103
DAQn38bGZFdRT67j,2025-05-05 Mon,45,sprocketmonger lockenstock,mythic,7489141,7611835,122.694,wipe,64.01,37.82,104
DAQn38bGZFdRT67j,2025-05-05 Mon,47,sprocketmonger lockenstock,mythic,7675621,7787398,111.777,wipe,66.89,37.82,105
DAQn38bGZFdRT67j,2025-05-05 Mon,51,sprocketmonger lockenstock,mythic,7884367,8051025,166.658,wipe,56.23,37.82,106
DAQn38bGZFdRT67j,2025-05-05 Mon,53,sprocketmonger lockenstock,mythic,8112028,8206587,94.559,wipe,70.33,37.82,107
DAQn38bGZFdRT67j,2025-05-05 Mon,55,sprocketmonger lockenstock,mythic,8297971,8542225,244.254,wipe,37.01,37.01,108
DAQn38bGZFdRT67j,2025-05-05 Mon,56,sprocketmonger lockenstock,mythic,8687403,8880413,193.01,wipe,48.25,37.01,109
DAQn38bGZFdRT67j,2025-05-05 Mon,57,sprocketmonger lockenstock,mythic,8969343,9211186,241.843,wipe,31.69,31.69,110
DAQn38bGZFdRT67j,2025-05-05 Mon,59,sprocketmonger lockenstock,mythic,9295125,9514220,219.095,wipe,41.46,31.69,111
DAQn38bGZFdRT67j,2025-05-05 Mon,60,sprocketmonger lockenstock,mythic,9607074,9851578,244.504,wipe,32.2,31.69,112
DAQn38bGZFdRT67j,2025-05-05 Mon,62,sprocketmonger lockenstock,mythic,9990854,10085926,95.072,wipe,70.91,31.69,113
DAQn38bGZFdRT67j,2025-05-05 Mon,64,sprocketmonger lockenstock,mythic,10166089,10351852,185.763,wipe,45.97,31.69,114
DAQn38bGZFdRT67j,2025-05-05 Mon,66,sprocketmonger lockenstock,mythic,10484448,10579657,95.209,wipe,70.58,31.69,115
DAQn38bGZFdRT67j,2025-05-05 Mon,68,sprocketmonger lockenstock,mythic,10642687,10761753,119.066,wipe,64.04,31.69,116
DAQn38bGZFdRT67j,2025-05-05 Mon,70,sprocketmonger lockenstock,mythic,10823360,10921886,98.526,wipe,69.2,31.69,117
DAQn38bGZFdRT67j,2025-05-05 Mon,72,sprocketmonger lockenstock,mythic,11048740,11144782,96.042,wipe,67.63,31.69,118
DAQn38bGZFdRT67j,2025-05-05 Mon,74,sprocketmonger lockenstock,mythic,11233705,11415324,181.619,wipe,47.8,31.69,119
DAQn38bGZFdRT67j,2025-05-05 Mon,75,sprocketmonger lockenstock,mythic,11521055,11686368,165.313,wipe,50.73,31.69,120
pbzGmXQ8cKA3VRYL,2025-05-12 Mon,12,sprocketmonger lockenstock,mythic,2855742,2975373,119.631,wipe,68.3,31.69,121
pbzGmXQ8cKA3VRYL,2025-05-12 Mon,13,sprocketmonger lockenstock,mythic,3081836,3178150,96.314,wipe,68.53,31.69,122
pbzGmXQ8cKA3VRYL,2025-05-12 Mon,15,sprocketmonger lockenstock,mythic,3263466,3482486,219.02,wipe,37.01,31.69,123
pbzGmXQ8cKA3VRYL,2025-05-12 Mon,19,sprocketmonger lockenstock,mythic,3805518,3913617,108.099,wipe,69.2,31.69,124
pbzGmXQ8cKA3VRYL,2025-05-12 Mon,21,sprocketmonger lockenstock,mythic,4056008,4336725,280.717,wipe,36.43,31.69,125
xGkZ8HpnyKWrRLg7,2025-05-19 Mon,6,sprocketmonger lockenstock,mythic,2359779,2418474,58.695,wipe,82.97,31.69,126
xGkZ8HpnyKWrRLg7,2025-05-19 Mon,8,sprocketmonger lockenstock,mythic,2536111,2638629,102.518,wipe,64.96,31.69,127
xGkZ8HpnyKWrRLg7,2025-05-19 Mon,10,sprocketmonger lockenstock,mythic,2735578,2900798,165.22,wipe,55.49,31.69,128
xGkZ8HpnyKWrRLg7,2025-05-19 Mon,12,sprocketmonger lockenstock,mythic,2971168,3135425,164.257,wipe,54.52,31.69,129
xGkZ8HpnyKWrRLg7,2025-05-19 Mon,14,sprocketmonger lockenstock,mythic,3251545,3463724,212.179,wipe,41.62,31.69,130
xGkZ8HpnyKWrRLg7,2025-05-19 Mon,15,sprocketmonger lockenstock,mythic,3695346,3761544,66.198,wipe,75.35,31.69,131
xGkZ8HpnyKWrRLg7,2025-05-19 Mon,16,sprocketmonger lockenstock,mythic,3844298,4089684,245.386,wipe,30.89,30.89,132
xGkZ8HpnyKWrRLg7,2025-05-19 Mon,18,sprocketmonger lockenstock,mythic,4640835,4885166,244.331,wipe,34.95,30.89,133
xGkZ8HpnyKWrRLg7,2025-05-19 Mon,20,sprocketmonger lockenstock,mythic,5277647,5499859,222.212,wipe,34.97,30.89,134
xGkZ8HpnyKWrRLg7,2025-05-19 Mon,22,sprocketmonger lockenstock,mythic,5745601,5990052,244.451,wipe,30.83,30.83,135
xGkZ8HpnyKWrRLg7,2025-05-19 Mon,24,sprocketmonger lockenstock,mythic,6096952,6309249,212.297,wipe,36.02,30.83,136
xGkZ8HpnyKWrRLg7,2025-05-19 Mon,25,sprocketmonger lockenstock,mythic,6440001,6560359,120.358,wipe,61.72,30.83,137
xGkZ8HpnyKWrRLg7,2025-05-19 Mon,27,sprocketmonger lockenstock,mythic,6621335,6807066,185.731,wipe,44.03,30.83,138
xGkZ8HpnyKWrRLg7,2025-05-19 Mon,29,sprocketmonger lockenstock,mythic,7929644,8080394,150.75,wipe,57.6,30.83,139
xGkZ8HpnyKWrRLg7,2025-05-19 Mon,31,sprocketmonger lockenstock,mythic,8197759,8409256,211.497,wipe,34.61,30.83,140
xGkZ8HpnyKWrRLg7,2025-05-19 Mon,33,sprocketmonger lockenstock,mythic,8563071,8832209,269.138,wipe,25.29,25.29,141
xGkZ8HpnyKWrRLg7,2025-05-19 Mon,34,sprocketmonger lockenstock,mythic,8939133,9091976,152.843,wipe,61.91,25.29,142
xGkZ8HpnyKWrRLg7,2025-05-19 Mon,35,sprocketmonger lockenstock,mythic,9174210,9365191,190.981,wipe,40.96,25.29,143
xGkZ8HpnyKWrRLg7,2025-05-19 Mon,37,sprocketmonger lockenstock,mythic,9519440,9669048,149.608,wipe,51.32,25.29,144
xGkZ8HpnyKWrRLg7,2025-05-19 Mon,39,sprocketmonger lockenstock,mythic,9730448,9952606,222.158,wipe,32.15,25.29,145
xGkZ8HpnyKWrRLg7,2025-05-19 Mon,41,sprocketmonger lockenstock,mythic,10208938,10336621,127.683,wipe,60.13,25.29,146
xGkZ8HpnyKWrRLg7,2025-05-19 Mon,42,sprocketmonger lockenstock,mythic,10421875,10663739,241.864,wipe,32.46,25.29,147
xGkZ8HpnyKWrRLg7,2025-05-19 Mon,44,sprocketmonger lockenstock,mythic,10749527,10847626,98.099,wipe,67.21,25.29,148
xGkZ8HpnyKWrRLg7,2025-05-19 Mon,45,sprocketmonger lockenstock,mythic,10953670,11232899,279.229,wipe,17.59,17.59,149
xGkZ8HpnyKWrRLg7,2025-05-19 Mon,46,sprocketmonger lockenstock,mythic,11286684,11313125,26.441,wipe,99.99,17.59,150
xGkZ8HpnyKWrRLg7,2025-05-19 Mon,47,sprocketmonger lockenstock,mythic,11435389,11677394,242.005,wipe,23.29,17.59,151
hvzV9HgKJYGBNdCq,2025-05-21 Wed,31,sprocketmonger lockenstock,mythic,3526847,3628216,101.369,wipe,67.02,17.59,152
hvzV9HgKJYGBNdCq,2025-05-21 Wed,33,sprocketmonger lockenstock,mythic,3705560,3880892,175.332,wipe,42.65,17.59,153
hvzV9HgKJYGBNdCq,2025-05-21 Wed,35,sprocketmonger lockenstock,mythic,3958179,3995005,36.826,wipe,86.57,17.59,154
hvzV9HgKJYGBNdCq,2025-05-21 Wed,37,sprocketmonger lockenstock,mythic,4026187,4058984,32.797,wipe,99.99,17.59,155
hvzV9HgKJYGBNdCq,2025-05-21 Wed,41,sprocketmonger lockenstock,mythic,4228398,4473231,244.833,wipe,28.18,17.59,156
hvzV9HgKJYGBNdCq,2025-05-21 Wed,42,sprocketmonger lockenstock,mythic,4628293,4908931,280.638,wipe,15.61,15.61,157
hvzV9HgKJYGBNdCq,2025-05-21 Wed,43,sprocketmonger lockenstock,mythic,5005677,5170594,164.917,wipe,46.17,15.61,158
hvzV9HgKJYGBNdCq,2025-05-21 Wed,44,sprocketmonger lockenstock,mythic,5279435,5642086,362.651,wipe,0.52,0.52,159
hvzV9HgKJYGBNdCq,2025-05-21 Wed,45,sprocketmonger lockenstock,mythic,6414026,6530781,116.755,wipe,59.36,0.52,160
hvzV9HgKJYGBNdCq,2025-05-21 Wed,47,sprocketmonger lockenstock,mythic,6593010,6840960,247.95,wipe,11.64,0.52,161
hvzV9HgKJYGBNdCq,2025-05-21 Wed,48,sprocketmonger lockenstock,mythic,6924345,7235471,311.126,kill,0.0,0.0,162
DFANHypwvLTzfWaQ,2025-03-19 Wed,21,stix bunkjunker,heroic,2496844,2811701,314.857,kill,0.0,0.0,1
cb6aVy4NDKAnLr3J,2025-03-26 Wed,22,stix bunkjunker,heroic,2281646,2565541,283.895,kill,0.0,0.0,2
BqNcn4Tbk3M8X92f,2025-04-07 Mon,13,stix bunkjunker,mythic,1371046,1430231,59.185,wipe,81.0,81.0,1
BqNcn4Tbk3M8X92f,2025-04-07 Mon,14,stix bunkjunker,mythic,1750047,1886362,136.315,wipe,67.75,67.75,2
BqNcn4Tbk3M8X92f,2025-04-07 Mon,19,stix bunkjunker,mythic,2027997,2172476,144.479,wipe,69.7,67.75,3
BqNcn4Tbk3M8X92f,2025-04-07 Mon,22,stix bunkjunker,mythic,2315358,2490081,174.723,wipe,60.35,60.35,4
BqNcn4Tbk3M8X92f,2025-04-07 Mon,24,stix bunkjunker,mythic,2647764,2781333,133.569,wipe,67.85,60.35,5
BqNcn4Tbk3M8X92f,2025-04-07 Mon,28,stix bunkjunker,mythic,3123062,3264979,141.917,wipe,65.57,60.35,6
BqNcn4Tbk3M8X92f,2025-04-07 Mon,30,stix bunkjunker,mythic,3352892,3490208,137.316,wipe,66.15,60.35,7
BqNcn4Tbk3M8X92f,2025-04-07 Mon,32,stix bunkjunker,mythic,4654950,4839924,184.974,wipe,52.27,52.27,8
BqNcn4Tbk3M8X92f,2025-04-07 Mon,33,stix bunkjunker,mythic,4948796,5098669,149.873,wipe,63.09,52.27,9
BqNcn4Tbk3M8X92f,2025-04-07 Mon,34,stix bunkjunker,mythic,5234273,5401705,167.432,wipe,67.96,52.27,10
BqNcn4Tbk3M8X92f,2025-04-07 Mon,35,stix bunkjunker,mythic,5571494,5729321,157.827,wipe,67.86,52.27,11
BqNcn4Tbk3M8X92f,2025-04-07 Mon,39,stix bunkjunker,mythic,6041155,6067836,26.681,wipe,100.0,52.27,12
BqNcn4Tbk3M8X92f,2025-04-07 Mon,43,stix bunkjunker,mythic,6228250,6376381,148.131,wipe,65.99,52.27,13
BqNcn4Tbk3M8X92f,2025-04-07 Mon,45,stix bunkjunker,mythic,6588640,6734839,146.199,wipe,64.94,52.27,14
BqNcn4Tbk3M8X92f,2025-04-07 Mon,46,stix bunkjunker,mythic,6904403,7039411,135.008,wipe,66.29,52.27,15
BqNcn4Tbk3M8X92f,2025-04-07 Mon,47,stix bunkjunker,mythic,7226052,7386818,160.766,wipe,69.74,52.27,16
BqNcn4Tbk3M8X92f,2025-04-07 Mon,48,stix bunkjunker,mythic,7528083,7665454,137.371,wipe,69.1,52.27,17
BqNcn4Tbk3M8X92f,2025-04-07 Mon,50,stix bunkjunker,mythic,7902746,8095570,192.824,wipe,55.63,52.27,18
BqNcn4Tbk3M8X92f,2025-04-07 Mon,51,stix bunkjunker,mythic,8248271,8443956,195.685,wipe,54.83,52.27,19
BqNcn4Tbk3M8X92f,2025-04-07 Mon,52,stix bunkjunker,mythic,8527984,8710555,182.571,wipe,58.13,52.27,20
BqNcn4Tbk3M8X92f,2025-04-07 Mon,53,stix bunkjunker,mythic,8792664,8977647,184.983,wipe,60.74,52.27,21
BqNcn4Tbk3M8X92f,2025-04-07 Mon,54,stix bunkjunker,mythic,9056540,9197625,141.085,wipe,64.67,52.27,22
d2LVTkthCvnfKPy7,2025-04-14 Mon,9,stix bunkjunker,mythic,1315246,1336427,21.181,wipe,99.99,52.27,23
d2LVTkthCvnfKPy7,2025-04-14 Mon,12,stix bunkjunker,mythic,1938130,2125416,187.286,wipe,56.68,52.27,24
d2LVTkthCvnfKPy7,2025-04-14 Mon,14,stix bunkjunker,mythic,2250481,2385187,134.706,wipe,65.75,52.27,25
d2LVTkthCvnfKPy7,2025-04-14 Mon,16,stix bunkjunker,mythic,2468693,2675224,206.531,wipe,51.64,51.64,26
d2LVTkthCvnfKPy7,2025-04-14 Mon,18,stix bunkjunker,mythic,2755775,2895230,139.455,wipe,69.61,51.64,27
d2LVTkthCvnfKPy7,2025-04-14 Mon,20,stix bunkjunker,mythic,2970093,3250681,280.588,wipe,37.8,37.8,28
d2LVTkthCvnfKPy7,2025-04-14 Mon,21,stix bunkjunker,mythic,3367961,3504087,136.126,wipe,65.74,37.8,29
d2LVTkthCvnfKPy7,2025-04-14 Mon,23,stix bunkjunker,mythic,3584979,3814075,229.096,wipe,46.35,37.8,30
d2LVTkthCvnfKPy7,2025-04-14 Mon,24,stix bunkjunker,mythic,3915913,4124441,208.528,wipe,46.54,37.8,31
d2LVTkthCvnfKPy7,2025-04-14 Mon,25,stix bunkjunker,mythic,4217493,4408197,190.704,wipe,51.63,37.8,32
d2LVTkthCvnfKPy7,2025-04-14 Mon,27,stix bunkjunker,mythic,4516802,4737054,220.252,wipe,49.95,37.8,33
d2LVTkthCvnfKPy7,2025-04-14 Mon,28,stix bunkjunker,mythic,4809716,5009313,199.597,wipe,51.03,37.8,34
d2LVTkthCvnfKPy7,2025-04-14 Mon,29,stix bunkjunker,mythic,5183207,5467139,283.932,wipe,34.3,34.3,35
d2LVTkthCvnfKPy7,2025-04-14 Mon,30,stix bunkjunker,mythic,5536629,5730827,194.198,wipe,54.06,34.3,36
d2LVTkthCvnfKPy7,2025-04-14 Mon,34,stix bunkjunker,mythic,5912800,6155791,242.991,wipe,44.42,34.3,37
d2LVTkthCvnfKPy7,2025-04-14 Mon,36,stix bunkjunker,mythic,6967797,7130547,162.75,wipe,61.53,34.3,38
d2LVTkthCvnfKPy7,2025-04-14 Mon,38,stix bunkjunker,mythic,7184838,7327792,142.954,wipe,66.55,34.3,39
d2LVTkthCvnfKPy7,2025-04-14 Mon,39,stix bunkjunker,mythic,7399295,7664998,265.703,wipe,37.53,34.3,40
d2LVTkthCvnfKPy7,2025-04-14 Mon,40,stix bunkjunker,mythic,7778203,7932568,154.365,wipe,66.29,34.3,41
d2LVTkthCvnfKPy7,2025-04-14 Mon,43,stix bunkjunker,mythic,8087182,8215708,128.526,wipe,75.33,34.3,42
d2LVTkthCvnfKPy7,2025-04-14 Mon,45,stix bunkjunker,mythic,8318579,8566646,248.067,wipe,35.51,34.3,43
d2LVTkthCvnfKPy7,2025-04-14 Mon,47,stix bunkjunker,mythic,8661594,8865521,203.927,wipe,50.76,34.3,44
d2LVTkthCvnfKPy7,2025-04-14 Mon,48,stix bunkjunker,mythic,8931673,9238529,306.856,wipe,29.88,29.88,45
d2LVTkthCvnfKPy7,2025-04-14 Mon,49,stix bunkjunker,mythic,9369912,9557216,187.304,wipe,52.98,29.88,46
d2LVTkthCvnfKPy7,2025-04-14 Mon,51,stix bunkjunker,mythic,9655355,9855739,200.384,wipe,49.81,29.88,47
d2LVTkthCvnfKPy7,2025-04-14 Mon,53,stix bunkjunker,mythic,9940282,10093411,153.129,wipe,64.92,29.88,48
d2LVTkthCvnfKPy7,2025-04-14 Mon,54,stix bunkjunker,mythic,10191964,10364870,172.906,wipe,60.28,29.88,49
d2LVTkthCvnfKPy7,2025-04-14 Mon,55,stix bunkjunker,mythic,10466845,10863803,396.958,wipe,1.97,1.97,50
d2LVTkthCvnfKPy7,2025-04-14 Mon,56,stix bunkjunker,mythic,10946161,11087082,140.921,wipe,61.17,1.97,51
d2LVTkthCvnfKPy7,2025-04-14 Mon,57,stix bunkjunker,mythic,11159751,11351733,191.982,wipe,51.21,1.97,52
d2LVTkthCvnfKPy7,2025-04-14 Mon,59,stix bunkjunker,mythic,11441807,11701758,259.951,wipe,36.22,1.97,53
vyAkKQ9zLWFtGbcN,2025-04-16 Wed,60,stix bunkjunker,mythic,8684947,8844100,159.153,wipe,62.78,1.97,54
vyAkKQ9zLWFtGbcN,2025-04-16 Wed,61,stix bunkjunker,mythic,8992143,9238091,245.948,wipe,38.6,1.97,55
vyAkKQ9zLWFtGbcN,2025-04-16 Wed,62,stix bunkjunker,mythic,9331571,9499782,168.211,wipe,62.32,1.97,56
vyAkKQ9zLWFtGbcN,2025-04-16 Wed,63,stix bunkjunker,mythic,9572554,9817846,245.292,wipe,39.65,1.97,57
vyAkKQ9zLWFtGbcN,2025-04-16 Wed,65,stix bunkjunker,mythic,9881801,10028416,146.615,wipe,63.43,1.97,58
vyAkKQ9zLWFtGbcN,2025-04-16 Wed,66,stix bunkjunker,mythic,10123621,10479445,355.824,wipe,15.72,1.97,59
vyAkKQ9zLWFtGbcN,2025-04-16 Wed,67,stix bunkjunker,mythic,10595524,10895040,299.516,wipe,32.08,1.97,60
vyAkKQ9zLWFtGbcN,2025-04-16 Wed,68,stix bunkjunker,mythic,10977113,11217767,240.654,wipe,44.54,1.97,61
vyAkKQ9zLWFtGbcN,2025-04-16 Wed,70,stix bunkjunker,mythic,11286788,11615680,328.892,wipe,23.5,1.97,62
xL9yRtDvjZK7QTYJ,2025-04-21 Mon,5,stix bunkjunker,mythic,1046539,1251004,204.465,wipe,53.59,1.97,63
xL9yRtDvjZK7QTYJ,2025-04-21 Mon,6,stix bunkjunker,mythic,1324782,1468995,144.213,wipe,61.29,1.97,64
xL9yRtDvjZK7QTYJ,2025-04-21 Mon,7,stix bunkjunker,mythic,1556280,1716066,159.786,wipe,63.56,1.97,65
xL9yRtDvjZK7QTYJ,2025-04-21 Mon,8,stix bunkjunker,mythic,1961084,2351381,390.297,wipe,5.3,1.97,66
xL9yRtDvjZK7QTYJ,2025-04-21 Mon,9,stix bunkjunker,mythic,2466629,2835393,368.764,kill,0.0,0.0,67
3aTr1CZGbjHwqxmX,2025-04-23 Wed,52,stix bunkjunker,mythic,9486790,9693937,207.147,wipe,47.78,0.0,68
3aTr1CZGbjHwqxmX,2025-04-23 Wed,53,stix bunkjunker,mythic,9749659,10060821,311.162,wipe,25.04,0.0,69
3aTr1CZGbjHwqxmX,2025-04-23 Wed,54,stix bunkjunker,mythic,10115806,10348006,232.2,wipe,42.35,0.0,70
3aTr1CZGbjHwqxmX,2025-04-23 Wed,56,stix bunkjunker,mythic,10412993,10785761,372.768,kill,0.0,0.0,71
9WCTwGtmkvpLVJzx,2025-04-30 Wed,39,stix bunkjunker,mythic,7722078,7865694,143.616,wipe,63.56,0.0,72
9WCTwGtmkvpLVJzx,2025-04-30 Wed,40,stix bunkjunker,mythic,7960397,8225429,265.032,wipe,37.08,0.0,73
9WCTwGtmkvpLVJzx,2025-04-30 Wed,41,stix bunkjunker,mythic,8314533,8541659,227.126,wipe,46.05,0.0,74
9WCTwGtmkvpLVJzx,2025-04-30 Wed,42,stix bunkjunker,mythic,8616746,8981676,364.93,wipe,14.36,0.0,75
9WCTwGtmkvpLVJzx,2025-04-30 Wed,43,stix bunkjunker,mythic,9074598,9197203,122.605,wipe,71.76,0.0,76
9WCTwGtmkvpLVJzx,2025-04-30 Wed,44,stix bunkjunker,mythic,9284030,9441469,157.439,wipe,61.98,0.0,77
9WCTwGtmkvpLVJzx,2025-04-30 Wed,45,stix bunkjunker,mythic,9512831,9887801,374.97,wipe,11.16,0.0,78
9WCTwGtmkvpLVJzx,2025-04-30 Wed,47,stix bunkjunker,mythic,10040854,10349313,308.459,wipe,21.72,0.0,79
9WCTwGtmkvpLVJzx,2025-04-30 Wed,48,stix bunkjunker,mythic,10412180,10635109,222.929,wipe,45.7,0.0,80
9WCTwGtmkvpLVJzx,2025-04-30 Wed,49,stix bunkjunker,mythic,10713259,10917623,204.364,wipe,46.46,0.0,81
9WCTwGtmkvpLVJzx,2025-04-30 Wed,50,stix bunkjunker,mythic,10978502,11215387,236.885,wipe,38.55,0.0,82
hzQfK6NLbRvWAjrg,2025-05-07 Wed,45,stix bunkjunker,mythic,6714209,7028125,313.916,wipe,14.78,0.0,83
hzQfK6NLbRvWAjrg,2025-05-07 Wed,46,stix bunkjunker,mythic,7105079,7292974,187.895,wipe,46.77,0.0,84
hzQfK6NLbRvWAjrg,2025-05-07 Wed,48,stix bunkjunker,mythic,7379508,7579169,199.661,wipe,43.27,0.0,85
hzQfK6NLbRvWAjrg,2025-05-07 Wed,50,stix bunkjunker,mythic,7646824,7867038,220.214,wipe,42.64,0.0,86
hzQfK6NLbRvWAjrg,2025-05-07 Wed,52,stix bunkjunker,mythic,7988623,8193868,205.245,wipe,42.36,0.0,87
hzQfK6NLbRvWAjrg,2025-05-07 Wed,53,stix bunkjunker,mythic,8313309,8533390,220.081,wipe,45.4,0.0,88
hzQfK6NLbRvWAjrg,2025-05-07 Wed,55,stix bunkjunker,mythic,8634444,8724148,89.704,wipe,77.08,0.0,89
hzQfK6NLbRvWAjrg,2025-05-07 Wed,57,stix bunkjunker,mythic,8804917,8895147,90.23,wipe,75.12,0.0,90
hzQfK6NLbRvWAjrg,2025-05-07 Wed,58,stix bunkjunker,mythic,8954139,9107202,153.063,wipe,60.13,0.0,91
hzQfK6NLbRvWAjrg,2025-05-07 Wed,60,stix bunkjunker,mythic,9215923,9529274,313.351,wipe,17.86,0.0,92
hzQfK6NLbRvWAjrg,2025-05-07 Wed,61,stix bunkjunker,mythic,9755787,10013961,258.174,wipe,28.4,0.0,93
hzQfK6NLbRvWAjrg,2025-05-07 Wed,63,stix bunkjunker,mythic,10123972,10385642,261.67,wipe,25.37,0.0,94
hzQfK6NLbRvWAjrg,2025-05-07 Wed,65,stix bunkjunker,mythic,10481502,10837728,356.226,kill,0.0,0.0,95
DFANHypwvLTzfWaQ,2025-03-19 Wed,5,vexie and the geargrinders,heroic,624741,816780,192.039,kill,0.0,0.0,1
cb6aVy4NDKAnLr3J,2025-03-26 Wed,5,vexie and the geargrinders,heroic,836398,998484,162.086,kill,0.0,0.0,2
GmxPY2Jqpaf3tNwD,2025-04-02 Wed,5,vexie and the geargrinders,heroic,1175416,1356240,180.824,kill,0.0,0.0,3
c8PFLg3WkCAvBazr,2025-04-09 Wed,5,vexie and the geargrinders,heroic,1062442,1220832,158.39,kill,0.0,0.0,4
vyAkKQ9zLWFtGbcN,2025-04-16 Wed,3,vexie and the geargrinders,heroic,978619,1132414,153.795,kill,0.0,0.0,5
3aTr1CZGbjHwqxmX,2025-04-23 Wed,3,vexie and the geargrinders,heroic,1308605,1446413,137.808,kill,0.0,0.0,6
9WCTwGtmkvpLVJzx,2025-04-30 Wed,2,vexie and the geargrinders,heroic,840475,998549,158.074,kill,0.0,0.0,7
hzQfK6NLbRvWAjrg,2025-05-07 Wed,5,vexie and the geargrinders,heroic,1247785,1381190,133.405,kill,0.0,0.0,8
hvzV9HgKJYGBNdCq,2025-05-21 Wed,2,vexie and the geargrinders,heroic,740275,764678,24.403,wipe,99.99,0.0,9
hvzV9HgKJYGBNdCq,2025-05-21 Wed,6,vexie and the geargrinders,heroic,989123,1119695,130.572,kill,0.0,0.0,10
NzGpwY6AqHFRjrvn,2025-05-28 Wed,2,vexie and the geargrinders,heroic,832499,955691,123.192,kill,0.0,0.0,11
kzTgc1LJ4ZnHhdb6,2025-06-04 Wed,2,vexie and the geargrinders,heroic,1492915,1615917,123.002,kill,0.0,0.0,12
jmpyLVFaKX8qvZD7,2025-06-11 Wed,4,vexie and the geargrinders,heroic,1449435,1568655,119.22,kill,0.0,0.0,13
J1QWahcLq2XGz76y,2025-03-24 Mon,5,vexie and the geargrinders,mythic,950581,1092551,141.97,wipe,75.84,75.84,1
J1QWahcLq2XGz76y,2025-03-24 Mon,7,vexie and the geargrinders,mythic,1219544,1541635,322.091,wipe,31.27,31.27,2
J1QWahcLq2XGz76y,2025-03-24 Mon,9,vexie and the geargrinders,mythic,1618974,1926525,307.551,wipe,25.94,25.94,3
J1QWahcLq2XGz76y,2025-03-24 Mon,12,vexie and the geargrinders,mythic,2003915,2148648,144.733,wipe,75.08,25.94,4
J1QWahcLq2XGz76y,2025-03-24 Mon,15,vexie and the geargrinders,mythic,2367282,2764692,397.41,kill,0.0,0.0,5
cb6aVy4NDKAnLr3J,2025-03-26 Wed,57,vexie and the geargrinders,mythic,10005719,10317262,311.543,wipe,27.74,0.0,6
cb6aVy4NDKAnLr3J,2025-03-26 Wed,58,vexie and the geargrinders,mythic,10412509,10742178,329.669,wipe,21.95,0.0,7
cb6aVy4NDKAnLr3J,2025-03-26 Wed,59,vexie and the geargrinders,mythic,10823876,11195150,371.274,kill,0.0,0.0,8
GmxPY2Jqpaf3tNwD,2025-04-02 Wed,34,vexie and the geargrinders,mythic,5203273,5522400,319.127,wipe,21.43,0.0,9
GmxPY2Jqpaf3tNwD,2025-04-02 Wed,36,vexie and the geargrinders,mythic,5627391,5968012,340.621,kill,0.0,0.0,10
vyAkKQ9zLWFtGbcN,2025-04-16 Wed,29,vexie and the geargrinders,mythic,4380959,4702669,321.71,kill,0.0,0.0,11
3aTr1CZGbjHwqxmX,2025-04-23 Wed,21,vexie and the geargrinders,mythic,4383666,4740428,356.762,kill,0.0,0.0,12
9WCTwGtmkvpLVJzx,2025-04-30 Wed,20,vexie and the geargrinders,mythic,3274623,3604075,329.452,wipe,5.9,0.0,13
9WCTwGtmkvpLVJzx,2025-04-30 Wed,21,vexie and the geargrinders,mythic,3710027,4029659,319.632,wipe,8.38,0.0,14
9WCTwGtmkvpLVJzx,2025-04-30 Wed,22,vexie and the geargrinders,mythic,4156521,4463668,307.147,kill,0.0,0.0,15
hzQfK6NLbRvWAjrg,2025-05-07 Wed,22,vexie and the geargrinders,mythic,3322207,3631129,308.922,kill,0.0,0.0,16
