report_id,report_date,player_name,player_id,player_guid,player_role,player_class,player_spec,player_item_level
pWxYMRbVZgAq3cJT,2025-07-09 Wed,yeviel,21,175140887,healer,paladin,holy,675
BfWcKMdxybL1j9P7,2025-06-09 Mon,yearning,44,187165539,dps,monk,windwalker,674
VJKqP6j2zY9QhpH8,2025-03-17 Mon,wanchan,99,178487898,dps,mage,multiple,655
vyAkKQ9zLWFtGbcN,2025-04-16 Wed,bensbear,14,206917925,dps,druid,balance,666
J1QWahcLq2XGz76y,2025-03-24 Mon,yearning,3,187165539,dps,monk,windwalker,661
kzTgc1LJ4ZnHhdb6,2025-06-04 Wed,ashyminge,41,190156111,dps,mage,multiple,674
pFXAZdVQRn1D3Yxy,2025-07-07 Mon,pattern,4,192722819,dps,warlock,destruction,676
J1QWahcLq2XGz76y,2025-03-24 Mon,explorer,45,191511951,dps,paladin,retribution,657
WF39LNayZYcjkhwH,2025-05-26 Mon,yearning,37,187165539,dps,monk,windwalker,672
DAQn38bGZFdRT67j,2025-05-05 Mon,turbohot,44,193151689,dps,hunter,marksmanship,672
GmxPY2Jqpaf3tNwD,2025-04-02 Wed,cutefist,9,182363715,dps,monk,windwalker,657
vyAkKQ9zLWFtGbcN,2025-04-16 Wed,explorer,4,191511951,dps,paladin,retribution,669
XyFknKqWVBzcP2fM,2025-07-02 Wed,yeviel,88,175140887,healer,paladin,holy,673
cb6aVy4NDKAnLr3J,2025-03-26 Wed,willowwisp,36,191084596,dps,druid,balance,657
WF39LNayZYcjkhwH,2025-05-26 Mon,magicwingers,3,185198826,healer,evoker,preservation,680
MtdQYP9rX7GhVwga,2025-04-28 Mon,willowwisp,51,191084596,dps,druid,balance,667
NzGpwY6AqHFRjrvn,2025-05-28 Wed,mægisk,31,189862882,dps,rogue,outlaw,682
DAQn38bGZFdRT67j,2025-05-05 Mon,ashyminge,56,190156111,dps,mage,multiple,667
NzGpwY6AqHFRjrvn,2025-05-28 Wed,evereld,21,193266682,healer,priest,holy,677
RqBF9J8d7jKzpVDM,2025-06-30 Mon,unrecorded,49,187383955,dps,mage,arcane,681
c8PFLg3WkCAvBazr,2025-04-09 Wed,televisions,11,186549150,healer,priest,discipline,665
vyAkKQ9zLWFtGbcN,2025-04-16 Wed,enjiie,8,189169346,dps,demonhunter,havoc,670
c8PFLg3WkCAvBazr,2025-04-09 Wed,yearning,19,187165539,dps,monk,windwalker,665
RqBF9J8d7jKzpVDM,2025-06-30 Mon,hobbyalkis,6,188570273,dps,rogue,assassination,682
DFANHypwvLTzfWaQ,2025-03-19 Wed,roropriest,6,210554904,dps,priest,shadow,658
kzTgc1LJ4ZnHhdb6,2025-06-04 Wed,unrecorded,21,187383955,dps,mage,arcane,680
NzGpwY6AqHFRjrvn,2025-05-28 Wed,hobbyalkis,161,188570273,dps,rogue,assassination,674
BqNcn4Tbk3M8X92f,2025-04-07 Mon,mægisk,16,189862882,dps,rogue,outlaw,666
VJKqP6j2zY9QhpH8,2025-03-17 Mon,bensmonk,184,205037039,healer,monk,mistweaver,658
MymtjWk9brQ6aBqR,2025-06-23 Mon,pattern,7,192722819,dps,warlock,destruction,673
VJKqP6j2zY9QhpH8,2025-03-17 Mon,explorer,7,191511951,dps,paladin,retribution,654
NzGpwY6AqHFRjrvn,2025-05-28 Wed,bigboiples,14,148361229,healer,druid,restoration,676
rVnDB4fcb9qZAPLv,2025-06-16 Mon,bensbear,40,206917925,dps,druid,balance,671
RqBF9J8d7jKzpVDM,2025-06-30 Mon,ashyminge,26,190156111,dps,mage,multiple,678
XyFknKqWVBzcP2fM,2025-07-02 Wed,jumzo,54,218508076,dps,paladin,retribution,682
rVnDB4fcb9qZAPLv,2025-06-16 Mon,explorer,44,191511951,dps,paladin,retribution,681
NydaKxcRtAhBj9D4,2025-03-31 Mon,swannie,51,190105716,dps,hunter,survival,663
hzQfK6NLbRvWAjrg,2025-05-07 Wed,magicwingers,5,185198826,dps,evoker,devastation,671
rVnDB4fcb9qZAPLv,2025-06-16 Mon,cutefist,12,182363715,healer,monk,mistweaver,682
xGkZ8HpnyKWrRLg7,2025-05-19 Mon,hobbyalkis,69,188570273,dps,rogue,assassination,672
vyAkKQ9zLWFtGbcN,2025-04-16 Wed,slaybelle,116,193214147,dps,rogue,subtlety,663
J1QWahcLq2XGz76y,2025-03-24 Mon,willowwisp,39,191084596,dps,druid,balance,651
VJKqP6j2zY9QhpH8,2025-03-17 Mon,larssonadin,29,177454638,dps,paladin,retribution,658
hwb4B9Afxn7F3gWm,2025-07-14 Mon,cutefist,5,182363715,healer,monk,mistweaver,684
c8PFLg3WkCAvBazr,2025-04-09 Wed,wanchan,4,178487898,dps,mage,multiple,667
3aTr1CZGbjHwqxmX,2025-04-23 Wed,televisions,26,186549150,dps,priest,shadow,667
NxRd2Xa3ThnmH4AC,2025-06-02 Mon,wanchan,25,178487898,dps,mage,fire,674
RqBF9J8d7jKzpVDM,2025-06-30 Mon,wanchan,12,178487898,dps,mage,fire,677
xL9yRtDvjZK7QTYJ,2025-04-21 Mon,explorer,23,191511951,dps,paladin,retribution,670
3aTr1CZGbjHwqxmX,2025-04-23 Wed,yearning,43,187165539,dps,monk,windwalker,667
DFANHypwvLTzfWaQ,2025-03-19 Wed,mægisk,29,189862882,dps,rogue,outlaw,660
cb6aVy4NDKAnLr3J,2025-03-26 Wed,iustitiæ,38,186961005,dps,warrior,fury,664
XyFknKqWVBzcP2fM,2025-07-02 Wed,bensbear,59,206917925,dps,druid,balance,673
MtdQYP9rX7GhVwga,2025-04-28 Mon,iustitiæ,69,186961005,dps,warrior,fury,671
VJKqP6j2zY9QhpH8,2025-03-17 Mon,bpd,6,191459534,dps,warlock,destruction,655
NzGpwY6AqHFRjrvn,2025-05-28 Wed,yearning,32,187165539,dps,monk,windwalker,672
3aTr1CZGbjHwqxmX,2025-04-23 Wed,bpd,6,191459534,dps,warlock,destruction,670
VJKqP6j2zY9QhpH8,2025-03-17 Mon,yevie,45,178083954,healer,priest,discipline,656
DFANHypwvLTzfWaQ,2025-03-19 Wed,rizzleton,10,219667865,dps,shaman,elemental,657
DAQn38bGZFdRT67j,2025-05-05 Mon,cherven,29,188783889,tank,deathknight,blood,670
3aTr1CZGbjHwqxmX,2025-04-23 Wed,mægisk,34,189862882,dps,rogue,outlaw,669
XyFknKqWVBzcP2fM,2025-07-02 Wed,budgetgoku,87,189084733,tank,paladin,protection,683
kzTgc1LJ4ZnHhdb6,2025-06-04 Wed,rizzleton,5,219667865,dps,shaman,elemental,678
xGkZ8HpnyKWrRLg7,2025-05-19 Mon,unrecorded,64,187383955,dps,mage,arcane,676
rVnDB4fcb9qZAPLv,2025-06-16 Mon,rizzleton,2,219667865,dps,shaman,elemental,679
J1QWahcLq2XGz76y,2025-03-24 Mon,cutefist,26,182363715,healer,monk,mistweaver,661
NzGpwY6AqHFRjrvn,2025-05-28 Wed,unrecorded,9,187383955,dps,mage,multiple,680
NxRd2Xa3ThnmH4AC,2025-06-02 Mon,koriekin,8,218980796,dps,druid,balance,677
vyAkKQ9zLWFtGbcN,2025-04-16 Wed,yeviel,18,175140887,healer,paladin,holy,667
F9xXwVZj8P4KmkyT,2025-06-25 Wed,unrecorded,48,187383955,dps,mage,arcane,681
xL9yRtDvjZK7QTYJ,2025-04-21 Mon,evereld,50,193266682,healer,priest,discipline,668
cb6aVy4NDKAnLr3J,2025-03-26 Wed,magicwingers,3,185198826,healer,evoker,preservation,659
F9xXwVZj8P4KmkyT,2025-06-25 Wed,bigboiples,32,148361229,healer,druid,restoration,680
NydaKxcRtAhBj9D4,2025-03-31 Mon,ollieyay,62,187612608,dps,deathknight,unholy,661
vyAkKQ9zLWFtGbcN,2025-04-16 Wed,yearning,16,187165539,dps,monk,windwalker,666
DFANHypwvLTzfWaQ,2025-03-19 Wed,larssonadin,3,177454638,dps,paladin,retribution,659
9WCTwGtmkvpLVJzx,2025-04-30 Wed,willowwisp,30,191084596,dps,druid,balance,667
J1QWahcLq2XGz76y,2025-03-24 Mon,televisions,42,186549150,dps,priest,shadow,658
rVnDB4fcb9qZAPLv,2025-06-16 Mon,budgetgoku,20,189084733,tank,paladin,protection,682
jmpyLVFaKX8qvZD7,2025-06-11 Wed,koriekin,9,218980796,dps,druid,balance,678
3aTr1CZGbjHwqxmX,2025-04-23 Wed,bigboiples,36,148361229,healer,druid,restoration,668
WF39LNayZYcjkhwH,2025-05-26 Mon,yeviel,69,175140887,healer,paladin,holy,669
cb6aVy4NDKAnLr3J,2025-03-26 Wed,yeviel,111,175140887,healer,paladin,holy,644
MtdQYP9rX7GhVwga,2025-04-28 Mon,wanchan,2,178487898,dps,mage,fire,669
pWxYMRbVZgAq3cJT,2025-07-09 Wed,turbohot,14,193151689,dps,hunter,marksmanship,684
pbzGmXQ8cKA3VRYL,2025-05-12 Mon,televisions,44,186549150,dps,priest,shadow,670
J1QWahcLq2XGz76y,2025-03-24 Mon,lenus,6,178678382,tank,demonhunter,vengeance,661
MymtjWk9brQ6aBqR,2025-06-23 Mon,willowwisp,21,191084596,dps,druid,balance,680
MymtjWk9brQ6aBqR,2025-06-23 Mon,koriekin,22,218980796,dps,druid,balance,679
GmxPY2Jqpaf3tNwD,2025-04-02 Wed,evereld,16,193266682,healer,priest,discipline,656
NydaKxcRtAhBj9D4,2025-03-31 Mon,televisions,55,186549150,dps,priest,shadow,660
F9xXwVZj8P4KmkyT,2025-06-25 Wed,hobbyalkis,26,188570273,dps,rogue,assassination,681
MymtjWk9brQ6aBqR,2025-06-23 Mon,bigboiples,48,148361229,healer,druid,restoration,680
J1QWahcLq2XGz76y,2025-03-24 Mon,bpd,9,191459534,dps,warlock,destruction,662
cb6aVy4NDKAnLr3J,2025-03-26 Wed,bigboiples,13,148361229,healer,druid,restoration,654
vyAkKQ9zLWFtGbcN,2025-04-16 Wed,mægisk,19,189862882,dps,rogue,outlaw,668
NzGpwY6AqHFRjrvn,2025-05-28 Wed,wanchan,30,178487898,dps,mage,multiple,673
xL9yRtDvjZK7QTYJ,2025-04-21 Mon,bpd,4,191459534,dps,warlock,destruction,669
hzQfK6NLbRvWAjrg,2025-05-07 Wed,lenus,3,178678382,tank,demonhunter,vengeance,672
RqBF9J8d7jKzpVDM,2025-06-30 Mon,pattern,4,192722819,dps,warlock,destruction,673
pFXAZdVQRn1D3Yxy,2025-07-07 Mon,yearning,5,187165539,dps,monk,windwalker,680
NydaKxcRtAhBj9D4,2025-03-31 Mon,lenus,7,178678382,tank,demonhunter,vengeance,663
hzQfK6NLbRvWAjrg,2025-05-07 Wed,mægisk,14,189862882,dps,rogue,outlaw,674
NydaKxcRtAhBj9D4,2025-03-31 Mon,wanchan,4,178487898,dps,mage,multiple,663
d2LVTkthCvnfKPy7,2025-04-14 Mon,cutefist,37,182363715,healer,monk,mistweaver,667
xL9yRtDvjZK7QTYJ,2025-04-21 Mon,mægisk,52,189862882,dps,rogue,outlaw,668
BqNcn4Tbk3M8X92f,2025-04-07 Mon,willowwisp,5,191084596,dps,druid,balance,663
cb6aVy4NDKAnLr3J,2025-03-26 Wed,smonkste,43,178856004,dps,monk,windwalker,663
DAQn38bGZFdRT67j,2025-05-05 Mon,magicwingers,1,185198826,healer,evoker,preservation,672
j9t2WnbC14fTGvY6,2025-07-16 Wed,magicwingers,7,185198826,dps,evoker,devastation,683
pFXAZdVQRn1D3Yxy,2025-07-07 Mon,magicwingers,1,185198826,dps,evoker,devastation,683
pWxYMRbVZgAq3cJT,2025-07-09 Wed,evereld,1,193266682,healer,priest,holy,681
c8PFLg3WkCAvBazr,2025-04-09 Wed,bigboiples,29,148361229,healer,druid,restoration,662
pWxYMRbVZgAq3cJT,2025-07-09 Wed,cutefist,30,182363715,healer,monk,mistweaver,684
jmpyLVFaKX8qvZD7,2025-06-11 Wed,rizzleton,10,219667865,dps,shaman,elemental,679
MymtjWk9brQ6aBqR,2025-06-23 Mon,delvur,5,187148477,dps,paladin,retribution,681
j9t2WnbC14fTGvY6,2025-07-16 Wed,cutefist,6,182363715,healer,monk,mistweaver,684
pWxYMRbVZgAq3cJT,2025-07-09 Wed,rizzleton,7,219667865,dps,shaman,elemental,682
GmxPY2Jqpaf3tNwD,2025-04-02 Wed,explorer,4,191511951,dps,paladin,retribution,666
BqNcn4Tbk3M8X92f,2025-04-07 Mon,bpd,2,191459534,dps,warlock,destruction,665
9WCTwGtmkvpLVJzx,2025-04-30 Wed,benshammy,27,210265274,dps,shaman,enhancement,660
d2LVTkthCvnfKPy7,2025-04-14 Mon,willowwisp,44,191084596,dps,druid,balance,665
pbzGmXQ8cKA3VRYL,2025-05-12 Mon,explorer,14,191511951,dps,paladin,retribution,673
pbzGmXQ8cKA3VRYL,2025-05-12 Mon,willowwisp,48,191084596,dps,druid,balance,669
NydaKxcRtAhBj9D4,2025-03-31 Mon,iustitiæ,10,186961005,tank,warrior,protection,661
9WCTwGtmkvpLVJzx,2025-04-30 Wed,bpd,6,191459534,dps,warlock,destruction,671
kzTgc1LJ4ZnHhdb6,2025-06-04 Wed,glizzyrider,36,261507174,dps,monk,windwalker,676
XyFknKqWVBzcP2fM,2025-07-02 Wed,willowwisp,40,191084596,dps,druid,balance,680
BfWcKMdxybL1j9P7,2025-06-09 Mon,evereld,34,193266682,healer,priest,holy,679
BfWcKMdxybL1j9P7,2025-06-09 Mon,unrecorded,41,187383955,dps,mage,arcane,680
BqNcn4Tbk3M8X92f,2025-04-07 Mon,turbohot,7,193151689,dps,hunter,multiple,666
vyAkKQ9zLWFtGbcN,2025-04-16 Wed,willowwisp,34,191084596,dps,druid,balance,665
GmxPY2Jqpaf3tNwD,2025-04-02 Wed,yeviel,40,175140887,healer,paladin,holy,658
MymtjWk9brQ6aBqR,2025-06-23 Mon,yearning,47,187165539,dps,monk,windwalker,679
hwb4B9Afxn7F3gWm,2025-07-14 Mon,jumzo,3,218508076,dps,paladin,retribution,683
pWxYMRbVZgAq3cJT,2025-07-09 Wed,magicwingers,23,185198826,dps,evoker,devastation,683
pFXAZdVQRn1D3Yxy,2025-07-07 Mon,koriekin,24,218980796,dps,druid,balance,680
hvzV9HgKJYGBNdCq,2025-05-21 Wed,televisions,49,186549150,dps,priest,shadow,677
hwb4B9Afxn7F3gWm,2025-07-14 Mon,televisions,1,186549150,dps,priest,shadow,682
pbzGmXQ8cKA3VRYL,2025-05-12 Mon,turbohot,38,193151689,dps,hunter,marksmanship,674
DAQn38bGZFdRT67j,2025-05-05 Mon,enjiie,27,189169346,dps,demonhunter,havoc,673
d2LVTkthCvnfKPy7,2025-04-14 Mon,jumzo,64,218508076,dps,paladin,retribution,668
NxRd2Xa3ThnmH4AC,2025-06-02 Mon,yearning,26,187165539,dps,monk,windwalker,672
MtdQYP9rX7GhVwga,2025-04-28 Mon,ashyminge,62,190156111,dps,mage,multiple,666
c8PFLg3WkCAvBazr,2025-04-09 Wed,magicwingers,6,185198826,healer,evoker,preservation,665
F9xXwVZj8P4KmkyT,2025-06-25 Wed,mægisk,47,189862882,dps,rogue,outlaw,682
hwb4B9Afxn7F3gWm,2025-07-14 Mon,mægisk,2,189862882,dps,rogue,outlaw,684
j9t2WnbC14fTGvY6,2025-07-16 Wed,benspala,5,205490167,healer,paladin,holy,681
pWxYMRbVZgAq3cJT,2025-07-09 Wed,jumzo,13,218508076,dps,paladin,retribution,683
VJKqP6j2zY9QhpH8,2025-03-17 Mon,magicwingers,1,185198826,healer,evoker,preservation,652
DAQn38bGZFdRT67j,2025-05-05 Mon,iustitiæ,54,186961005,dps,warrior,fury,671
j9t2WnbC14fTGvY6,2025-07-16 Wed,yearning,1,187165539,dps,monk,windwalker,680
hvzV9HgKJYGBNdCq,2025-05-21 Wed,cherven,46,188783889,tank,deathknight,blood,681
3aTr1CZGbjHwqxmX,2025-04-23 Wed,frenzyy,253,211474925,dps,druid,balance,668
j9t2WnbC14fTGvY6,2025-07-16 Wed,enjiie,10,189169346,dps,demonhunter,havoc,683
DAQn38bGZFdRT67j,2025-05-05 Mon,televisions,55,186549150,dps,priest,shadow,668
BfWcKMdxybL1j9P7,2025-06-09 Mon,bigboiples,37,148361229,healer,druid,restoration,679
c8PFLg3WkCAvBazr,2025-04-09 Wed,mægisk,45,189862882,dps,rogue,outlaw,667
c8PFLg3WkCAvBazr,2025-04-09 Wed,rizzleton,8,219667865,dps,shaman,elemental,667
kzTgc1LJ4ZnHhdb6,2025-06-04 Wed,iustitiæ,37,186961005,dps,warrior,fury,681
c8PFLg3WkCAvBazr,2025-04-09 Wed,explorer,5,191511951,dps,paladin,retribution,668
hzQfK6NLbRvWAjrg,2025-05-07 Wed,enjiie,19,189169346,dps,demonhunter,havoc,673
RqBF9J8d7jKzpVDM,2025-06-30 Mon,rizzleton,9,219667865,dps,shaman,elemental,680
d2LVTkthCvnfKPy7,2025-04-14 Mon,iustitiæ,46,186961005,dps,warrior,fury,668
BfWcKMdxybL1j9P7,2025-06-09 Mon,koriekin,29,218980796,dps,druid,balance,678
GmxPY2Jqpaf3tNwD,2025-04-02 Wed,rizzleton,15,219667865,dps,shaman,elemental,666
RqBF9J8d7jKzpVDM,2025-06-30 Mon,enjiie,21,189169346,dps,demonhunter,havoc,683
RqBF9J8d7jKzpVDM,2025-06-30 Mon,yearning,18,187165539,dps,monk,windwalker,679
WF39LNayZYcjkhwH,2025-05-26 Mon,budgetgoku,7,189084733,tank,paladin,protection,676
c8PFLg3WkCAvBazr,2025-04-09 Wed,turbohot,17,193151689,dps,hunter,multiple,667
xL9yRtDvjZK7QTYJ,2025-04-21 Mon,iustitiæ,48,186961005,dps,warrior,fury,669
rVnDB4fcb9qZAPLv,2025-06-16 Mon,pattern,6,192722819,dps,warlock,destruction,667
NzGpwY6AqHFRjrvn,2025-05-28 Wed,magicwingers,1,185198826,healer,evoker,preservation,679
MtdQYP9rX7GhVwga,2025-04-28 Mon,magicwingers,3,185198826,healer,evoker,preservation,670
NydaKxcRtAhBj9D4,2025-03-31 Mon,iustitiæ,10,186961005,dps,warrior,fury,664
cb6aVy4NDKAnLr3J,2025-03-26 Wed,budgetgoku,32,189084733,tank,paladin,protection,663
pWxYMRbVZgAq3cJT,2025-07-09 Wed,bigboiples,19,148361229,healer,druid,restoration,680
NydaKxcRtAhBj9D4,2025-03-31 Mon,bpd,5,191459534,dps,warlock,destruction,664
j9t2WnbC14fTGvY6,2025-07-16 Wed,mægisk,21,189862882,dps,rogue,outlaw,684
kzTgc1LJ4ZnHhdb6,2025-06-04 Wed,neutralized,35,191284355,dps,hunter,marksmanship,678
DFANHypwvLTzfWaQ,2025-03-19 Wed,bensmonk,177,205037039,healer,monk,mistweaver,661
MtdQYP9rX7GhVwga,2025-04-28 Mon,cutefist,42,182363715,healer,monk,mistweaver,671
pbzGmXQ8cKA3VRYL,2025-05-12 Mon,cutefist,34,182363715,healer,monk,mistweaver,674
RqBF9J8d7jKzpVDM,2025-06-30 Mon,magicwingers,1,185198826,healer,evoker,preservation,679
pWxYMRbVZgAq3cJT,2025-07-09 Wed,hobbyalkis,2,188570273,dps,rogue,assassination,683
pWxYMRbVZgAq3cJT,2025-07-09 Wed,ashyminge,18,190156111,dps,mage,fire,682
NxRd2Xa3ThnmH4AC,2025-06-02 Mon,jumzo,44,218508076,dps,paladin,retribution,679
d2LVTkthCvnfKPy7,2025-04-14 Mon,cherven,7,188783889,tank,deathknight,blood,668
hzQfK6NLbRvWAjrg,2025-05-07 Wed,budgetgoku,23,189084733,tank,paladin,protection,670
XyFknKqWVBzcP2fM,2025-07-02 Wed,hobbyalkis,51,188570273,dps,rogue,assassination,682
VJKqP6j2zY9QhpH8,2025-03-17 Mon,televisions,46,186549150,dps,priest,shadow,652
WF39LNayZYcjkhwH,2025-05-26 Mon,iustitiæ,30,186961005,dps,warrior,fury,680
hzQfK6NLbRvWAjrg,2025-05-07 Wed,jumzo,9,218508076,dps,paladin,retribution,672
rVnDB4fcb9qZAPLv,2025-06-16 Mon,willowwisp,41,191084596,dps,druid,balance,678
NxRd2Xa3ThnmH4AC,2025-06-02 Mon,televisions,68,186549150,dps,priest,shadow,678
j9t2WnbC14fTGvY6,2025-07-16 Wed,pattern,14,192722819,dps,warlock,destruction,676
jmpyLVFaKX8qvZD7,2025-06-11 Wed,nahuêl,116,97345396,dps,unknown,beastmastery,660
DAQn38bGZFdRT67j,2025-05-05 Mon,bpd,14,191459534,dps,warlock,destruction,672
XyFknKqWVBzcP2fM,2025-07-02 Wed,ashyminge,47,190156111,dps,mage,multiple,680
9WCTwGtmkvpLVJzx,2025-04-30 Wed,televisions,22,186549150,dps,priest,shadow,668
hvzV9HgKJYGBNdCq,2025-05-21 Wed,jumzo,10,218508076,dps,paladin,retribution,679
pbzGmXQ8cKA3VRYL,2025-05-12 Mon,mægisk,41,189862882,dps,rogue,outlaw,674
F9xXwVZj8P4KmkyT,2025-06-25 Wed,enjiie,24,189169346,dps,demonhunter,havoc,683
MymtjWk9brQ6aBqR,2025-06-23 Mon,budgetgoku,15,189084733,tank,paladin,protection,683
xGkZ8HpnyKWrRLg7,2025-05-19 Mon,enjiie,61,189169346,dps,demonhunter,havoc,675
RqBF9J8d7jKzpVDM,2025-06-30 Mon,budgetgoku,44,189084733,tank,paladin,protection,683
F9xXwVZj8P4KmkyT,2025-06-25 Wed,turbohot,49,193151689,dps,hunter,marksmanship,684
DAQn38bGZFdRT67j,2025-05-05 Mon,mægisk,48,189862882,dps,rogue,outlaw,672
pWxYMRbVZgAq3cJT,2025-07-09 Wed,yearning,17,187165539,dps,monk,windwalker,681
GmxPY2Jqpaf3tNwD,2025-04-02 Wed,turbohot,21,193151689,dps,hunter,beastmastery,666
NzGpwY6AqHFRjrvn,2025-05-28 Wed,yeviel,39,175140887,healer,paladin,holy,670
xL9yRtDvjZK7QTYJ,2025-04-21 Mon,wanchan,19,178487898,dps,mage,fire,668
xGkZ8HpnyKWrRLg7,2025-05-19 Mon,jumzo,59,218508076,dps,paladin,retribution,679
BqNcn4Tbk3M8X92f,2025-04-07 Mon,jumzo,15,218508076,dps,paladin,retribution,666
BfWcKMdxybL1j9P7,2025-06-09 Mon,iustitiæ,42,186961005,dps,warrior,multiple,681
hwb4B9Afxn7F3gWm,2025-07-14 Mon,magicwingers,14,185198826,dps,evoker,devastation,683
hvzV9HgKJYGBNdCq,2025-05-21 Wed,evereld,17,193266682,healer,priest,holy,677
rVnDB4fcb9qZAPLv,2025-06-16 Mon,yearning,16,187165539,dps,monk,windwalker,675
DFANHypwvLTzfWaQ,2025-03-19 Wed,benshammy,235,210265274,healer,shaman,restoration,639
MymtjWk9brQ6aBqR,2025-06-23 Mon,televisions,33,186549150,healer,priest,discipline,682
GmxPY2Jqpaf3tNwD,2025-04-02 Wed,mêoow,373,95573635,dps,druid,feral,664
pFXAZdVQRn1D3Yxy,2025-07-07 Mon,enjiie,7,189169346,dps,demonhunter,havoc,683
hzQfK6NLbRvWAjrg,2025-05-07 Wed,ashyminge,11,190156111,dps,mage,multiple,669
kzTgc1LJ4ZnHhdb6,2025-06-04 Wed,enjiie,15,189169346,dps,demonhunter,havoc,682
j9t2WnbC14fTGvY6,2025-07-16 Wed,lenus,13,178678382,tank,demonhunter,vengeance,682
GmxPY2Jqpaf3tNwD,2025-04-02 Wed,enjiie,39,189169346,dps,demonhunter,havoc,666
DAQn38bGZFdRT67j,2025-05-05 Mon,jumzo,43,218508076,dps,paladin,retribution,671
J1QWahcLq2XGz76y,2025-03-24 Mon,magicwingers,2,185198826,healer,evoker,preservation,659
BqNcn4Tbk3M8X92f,2025-04-07 Mon,ollieyay,19,187612608,dps,deathknight,unholy,663
9WCTwGtmkvpLVJzx,2025-04-30 Wed,wanchan,3,178487898,dps,mage,fire,670
d2LVTkthCvnfKPy7,2025-04-14 Mon,wanchan,12,178487898,dps,mage,multiple,664
pFXAZdVQRn1D3Yxy,2025-07-07 Mon,hobbyalkis,29,188570273,dps,rogue,assassination,683
pbzGmXQ8cKA3VRYL,2025-05-12 Mon,cherven,1,188783889,tank,deathknight,blood,672
RqBF9J8d7jKzpVDM,2025-06-30 Mon,televisions,46,186549150,dps,priest,shadow,680
c8PFLg3WkCAvBazr,2025-04-09 Wed,willowwisp,26,191084596,dps,druid,balance,664
3aTr1CZGbjHwqxmX,2025-04-23 Wed,unrecorded,33,187383955,dps,mage,fire,668
9WCTwGtmkvpLVJzx,2025-04-30 Wed,neutralized,33,191284355,dps,hunter,marksmanship,652
cb6aVy4NDKAnLr3J,2025-03-26 Wed,televisions,37,186549150,healer,priest,discipline,659
vyAkKQ9zLWFtGbcN,2025-04-16 Wed,turbohot,35,193151689,dps,hunter,beastmastery,669
NzGpwY6AqHFRjrvn,2025-05-28 Wed,iustitiæ,15,186961005,tank,warrior,protection,678
BqNcn4Tbk3M8X92f,2025-04-07 Mon,explorer,4,191511951,dps,paladin,retribution,666
DFANHypwvLTzfWaQ,2025-03-19 Wed,swannie,15,190105716,dps,hunter,survival,656
pWxYMRbVZgAq3cJT,2025-07-09 Wed,lenus,4,178678382,tank,demonhunter,vengeance,681
hzQfK6NLbRvWAjrg,2025-05-07 Wed,wanchan,12,178487898,dps,mage,fire,671
NydaKxcRtAhBj9D4,2025-03-31 Mon,yeviel,53,175140887,healer,paladin,holy,653
BfWcKMdxybL1j9P7,2025-06-09 Mon,enjiie,40,189169346,dps,demonhunter,havoc,682
DFANHypwvLTzfWaQ,2025-03-19 Wed,ollieyay,44,187612608,dps,deathknight,unholy,659
DFANHypwvLTzfWaQ,2025-03-19 Wed,bensmonk,177,205037039,dps,monk,windwalker,659
rVnDB4fcb9qZAPLv,2025-06-16 Mon,lenus,5,178678382,tank,demonhunter,vengeance,678
pbzGmXQ8cKA3VRYL,2025-05-12 Mon,wanchan,40,178487898,dps,mage,fire,671
xL9yRtDvjZK7QTYJ,2025-04-21 Mon,cherven,1,188783889,tank,deathknight,blood,669
cb6aVy4NDKAnLr3J,2025-03-26 Wed,rizzleton,10,219667865,dps,shaman,elemental,664
NydaKxcRtAhBj9D4,2025-03-31 Mon,willowwisp,25,191084596,dps,druid,balance,657
MymtjWk9brQ6aBqR,2025-06-23 Mon,wanchan,3,178487898,dps,mage,fire,677
pFXAZdVQRn1D3Yxy,2025-07-07 Mon,brickyd,25,190024741,tank,warrior,protection,671
NydaKxcRtAhBj9D4,2025-03-31 Mon,turbohot,43,193151689,dps,hunter,beastmastery,664
kzTgc1LJ4ZnHhdb6,2025-06-04 Wed,wanchan,19,178487898,dps,mage,multiple,674
c8PFLg3WkCAvBazr,2025-04-09 Wed,evereld,31,193266682,healer,priest,multiple,662
hwb4B9Afxn7F3gWm,2025-07-14 Mon,pattern,19,192722819,dps,warlock,destruction,676
9WCTwGtmkvpLVJzx,2025-04-30 Wed,yeviel,36,175140887,healer,paladin,holy,669
pbzGmXQ8cKA3VRYL,2025-05-12 Mon,bigboiples,32,148361229,healer,druid,restoration,630
XyFknKqWVBzcP2fM,2025-07-02 Wed,wanchan,48,178487898,dps,mage,fire,677
9WCTwGtmkvpLVJzx,2025-04-30 Wed,magicwingers,8,185198826,healer,evoker,preservation,670
NydaKxcRtAhBj9D4,2025-03-31 Mon,explorer,2,191511951,dps,paladin,retribution,664
BfWcKMdxybL1j9P7,2025-06-09 Mon,ashyminge,43,190156111,dps,mage,multiple,674
hwb4B9Afxn7F3gWm,2025-07-14 Mon,evereld,4,193266682,healer,priest,holy,682
DFANHypwvLTzfWaQ,2025-03-19 Wed,magicwingers,12,185198826,healer,evoker,preservation,656
kzTgc1LJ4ZnHhdb6,2025-06-04 Wed,hobbyalkis,40,188570273,dps,rogue,assassination,675
BfWcKMdxybL1j9P7,2025-06-09 Mon,mægisk,35,189862882,dps,rogue,outlaw,682
DFANHypwvLTzfWaQ,2025-03-19 Wed,yearning,2,187165539,dps,monk,windwalker,660
cb6aVy4NDKAnLr3J,2025-03-26 Wed,roropriest,9,210554904,healer,priest,holy,660
xGkZ8HpnyKWrRLg7,2025-05-19 Mon,bigboiples,65,148361229,healer,druid,restoration,675
J1QWahcLq2XGz76y,2025-03-24 Mon,iustitiæ,8,186961005,dps,warrior,multiple,659
hzQfK6NLbRvWAjrg,2025-05-07 Wed,cutefist,45,182363715,dps,monk,windwalker,670
NydaKxcRtAhBj9D4,2025-03-31 Mon,magicwingers,8,185198826,healer,evoker,preservation,662
pFXAZdVQRn1D3Yxy,2025-07-07 Mon,jumzo,16,218508076,dps,paladin,retribution,682
hvzV9HgKJYGBNdCq,2025-05-21 Wed,enjiie,21,189169346,dps,demonhunter,havoc,676
DAQn38bGZFdRT67j,2025-05-05 Mon,evereld,45,193266682,healer,priest,discipline,670
c8PFLg3WkCAvBazr,2025-04-09 Wed,cutefist,14,182363715,healer,monk,mistweaver,667
DFANHypwvLTzfWaQ,2025-03-19 Wed,wanchan,13,178487898,dps,mage,multiple,659
xL9yRtDvjZK7QTYJ,2025-04-21 Mon,magicwingers,6,185198826,healer,evoker,preservation,668
DFANHypwvLTzfWaQ,2025-03-19 Wed,willowwisp,26,191084596,dps,druid,balance,650
F9xXwVZj8P4KmkyT,2025-06-25 Wed,delvur,8,187148477,dps,paladin,retribution,682
VJKqP6j2zY9QhpH8,2025-03-17 Mon,turbohot,8,193151689,dps,hunter,beastmastery,659
pFXAZdVQRn1D3Yxy,2025-07-07 Mon,evereld,19,193266682,healer,priest,holy,681
BqNcn4Tbk3M8X92f,2025-04-07 Mon,budgetgoku,1,189084733,tank,paladin,protection,665
kzTgc1LJ4ZnHhdb6,2025-06-04 Wed,turbohot,18,193151689,dps,hunter,marksmanship,682
DFANHypwvLTzfWaQ,2025-03-19 Wed,enjiie,25,189169346,dps,demonhunter,havoc,654
pWxYMRbVZgAq3cJT,2025-07-09 Wed,pattern,5,192722819,dps,warlock,destruction,676
VJKqP6j2zY9QhpH8,2025-03-17 Mon,swannie,3,190105716,dps,hunter,survival,654
jmpyLVFaKX8qvZD7,2025-06-11 Wed,explorer,5,191511951,dps,paladin,retribution,681
xL9yRtDvjZK7QTYJ,2025-04-21 Mon,yeviel,47,175140887,healer,paladin,holy,667
RqBF9J8d7jKzpVDM,2025-06-30 Mon,magicwingers,1,185198826,dps,evoker,devastation,683
pbzGmXQ8cKA3VRYL,2025-05-12 Mon,cutefist,34,182363715,dps,monk,windwalker,671
BfWcKMdxybL1j9P7,2025-06-09 Mon,lenus,5,178678382,tank,demonhunter,vengeance,676
GmxPY2Jqpaf3tNwD,2025-04-02 Wed,yearning,19,187165539,dps,monk,windwalker,665
NzGpwY6AqHFRjrvn,2025-05-28 Wed,budgetgoku,36,189084733,tank,paladin,protection,677
NxRd2Xa3ThnmH4AC,2025-06-02 Mon,magicwingers,3,185198826,healer,evoker,preservation,679
kzTgc1LJ4ZnHhdb6,2025-06-04 Wed,jumzo,6,218508076,dps,paladin,retribution,680
j9t2WnbC14fTGvY6,2025-07-16 Wed,koriekin,15,218980796,dps,druid,balance,680
DAQn38bGZFdRT67j,2025-05-05 Mon,bigboiples,53,148361229,healer,druid,restoration,672
BqNcn4Tbk3M8X92f,2025-04-07 Mon,magicwingers,11,185198826,healer,evoker,preservation,664
d2LVTkthCvnfKPy7,2025-04-14 Mon,rizzleton,11,219667865,dps,shaman,elemental,668
GmxPY2Jqpaf3tNwD,2025-04-02 Wed,cutefist,9,182363715,healer,monk,mistweaver,665
MymtjWk9brQ6aBqR,2025-06-23 Mon,turbohot,13,193151689,dps,hunter,marksmanship,684
xGkZ8HpnyKWrRLg7,2025-05-19 Mon,magicwingers,3,185198826,healer,evoker,preservation,678
NxRd2Xa3ThnmH4AC,2025-06-02 Mon,lenus,7,178678382,tank,demonhunter,vengeance,675
jmpyLVFaKX8qvZD7,2025-06-11 Wed,ashyminge,19,190156111,dps,mage,multiple,675
NydaKxcRtAhBj9D4,2025-03-31 Mon,rizzleton,9,219667865,dps,shaman,elemental,665
j9t2WnbC14fTGvY6,2025-07-16 Wed,rizzleton,12,219667865,dps,shaman,elemental,682
3aTr1CZGbjHwqxmX,2025-04-23 Wed,wanchan,3,178487898,dps,mage,multiple,669
hvzV9HgKJYGBNdCq,2025-05-21 Wed,explorer,1,191511951,dps,paladin,retribution,680
c8PFLg3WkCAvBazr,2025-04-09 Wed,ollieyay,48,187612608,dps,deathknight,unholy,663
J1QWahcLq2XGz76y,2025-03-24 Mon,iustitiæ,8,186961005,tank,warrior,protection,658
3aTr1CZGbjHwqxmX,2025-04-23 Wed,turbohot,38,193151689,dps,hunter,beastmastery,671
VJKqP6j2zY9QhpH8,2025-03-17 Mon,cutefist,90,182363715,healer,monk,mistweaver,651
3aTr1CZGbjHwqxmX,2025-04-23 Wed,lenus,8,178678382,tank,demonhunter,vengeance,669
hzQfK6NLbRvWAjrg,2025-05-07 Wed,iustitiæ,43,186961005,dps,warrior,fury,672
hvzV9HgKJYGBNdCq,2025-05-21 Wed,rizzleton,264,219667865,dps,shaman,elemental,675
NzGpwY6AqHFRjrvn,2025-05-28 Wed,koriekin,11,218980796,dps,druid,balance,677
hvzV9HgKJYGBNdCq,2025-05-21 Wed,magicwingers,3,185198826,dps,evoker,devastation,677
pFXAZdVQRn1D3Yxy,2025-07-07 Mon,delvur,26,187148477,dps,paladin,retribution,682
hvzV9HgKJYGBNdCq,2025-05-21 Wed,bigboiples,20,148361229,healer,druid,restoration,675
DFANHypwvLTzfWaQ,2025-03-19 Wed,budgetgoku,30,189084733,tank,paladin,protection,659
rVnDB4fcb9qZAPLv,2025-06-16 Mon,turbohot,25,193151689,dps,hunter,marksmanship,683
GmxPY2Jqpaf3tNwD,2025-04-02 Wed,lenus,12,178678382,tank,demonhunter,vengeance,664
3aTr1CZGbjHwqxmX,2025-04-23 Wed,ashyminge,31,190156111,dps,mage,fire,666
hzQfK6NLbRvWAjrg,2025-05-07 Wed,evereld,10,193266682,healer,priest,holy,670
j9t2WnbC14fTGvY6,2025-07-16 Wed,delvur,3,187148477,dps,paladin,retribution,682
d2LVTkthCvnfKPy7,2025-04-14 Mon,yeviel,52,175140887,healer,paladin,holy,664
VJKqP6j2zY9QhpH8,2025-03-17 Mon,bamoo,44,189865588,dps,druid,balance,651
vyAkKQ9zLWFtGbcN,2025-04-16 Wed,jumzo,13,218508076,dps,paladin,retribution,668
vyAkKQ9zLWFtGbcN,2025-04-16 Wed,televisions,44,186549150,dps,priest,shadow,666
hwb4B9Afxn7F3gWm,2025-07-14 Mon,lenus,11,178678382,tank,demonhunter,vengeance,682
3aTr1CZGbjHwqxmX,2025-04-23 Wed,cherven,254,188783889,tank,deathknight,blood,670
pbzGmXQ8cKA3VRYL,2025-05-12 Mon,iustitiæ,51,186961005,dps,warrior,fury,672
NzGpwY6AqHFRjrvn,2025-05-28 Wed,stwrithe,7,150043779,dps,warlock,destruction,677
3aTr1CZGbjHwqxmX,2025-04-23 Wed,rizzleton,9,219667865,dps,shaman,elemental,671
j9t2WnbC14fTGvY6,2025-07-16 Wed,yeviel,20,175140887,healer,paladin,holy,676
J1QWahcLq2XGz76y,2025-03-24 Mon,budgetgoku,1,189084733,tank,paladin,protection,661
DFANHypwvLTzfWaQ,2025-03-19 Wed,roropriest,6,210554904,healer,priest,discipline,658
j9t2WnbC14fTGvY6,2025-07-16 Wed,televisions,2,186549150,dps,priest,shadow,682
MtdQYP9rX7GhVwga,2025-04-28 Mon,bensbear,53,206917925,dps,druid,balance,667
NydaKxcRtAhBj9D4,2025-03-31 Mon,jumzo,153,218508076,dps,paladin,retribution,665
hwb4B9Afxn7F3gWm,2025-07-14 Mon,hobbyalkis,20,188570273,dps,rogue,assassination,683
MtdQYP9rX7GhVwga,2025-04-28 Mon,hobbyalkis,64,188570273,dps,rogue,assassination,668
vyAkKQ9zLWFtGbcN,2025-04-16 Wed,rizzleton,2,219667865,dps,shaman,elemental,669
d2LVTkthCvnfKPy7,2025-04-14 Mon,hobbyalkis,43,188570273,dps,rogue,assassination,666
hvzV9HgKJYGBNdCq,2025-05-21 Wed,koriekin,19,218980796,dps,druid,balance,676
J1QWahcLq2XGz76y,2025-03-24 Mon,wanchan,7,178487898,dps,mage,fire,660
kzTgc1LJ4ZnHhdb6,2025-06-04 Wed,lenus,17,178678382,tank,demonhunter,vengeance,675
xGkZ8HpnyKWrRLg7,2025-05-19 Mon,stwrithe,37,150043779,dps,warlock,demonology,673
WF39LNayZYcjkhwH,2025-05-26 Mon,explorer,1,191511951,dps,paladin,retribution,681
MtdQYP9rX7GhVwga,2025-04-28 Mon,turbohot,50,193151689,dps,hunter,multiple,671
NydaKxcRtAhBj9D4,2025-03-31 Mon,ashyminge,47,190156111,dps,mage,multiple,662
WF39LNayZYcjkhwH,2025-05-26 Mon,stwrithe,4,150043779,dps,warlock,multiple,677
hwb4B9Afxn7F3gWm,2025-07-14 Mon,yearning,8,187165539,dps,monk,windwalker,681
F9xXwVZj8P4KmkyT,2025-06-25 Wed,wanchan,28,178487898,dps,mage,fire,677
J1QWahcLq2XGz76y,2025-03-24 Mon,hobbyalkis,40,188570273,dps,rogue,assassination,656
d2LVTkthCvnfKPy7,2025-04-14 Mon,ashyminge,40,190156111,dps,mage,fire,663
xL9yRtDvjZK7QTYJ,2025-04-21 Mon,yearning,44,187165539,dps,monk,windwalker,667
DAQn38bGZFdRT67j,2025-05-05 Mon,cutefist,51,182363715,healer,monk,mistweaver,672
GmxPY2Jqpaf3tNwD,2025-04-02 Wed,magicwingers,3,185198826,healer,evoker,preservation,664
WF39LNayZYcjkhwH,2025-05-26 Mon,rizzleton,2,219667865,dps,shaman,elemental,676
NydaKxcRtAhBj9D4,2025-03-31 Mon,enjiie,6,189169346,dps,demonhunter,havoc,663
9WCTwGtmkvpLVJzx,2025-04-30 Wed,rzoc,26,156674602,dps,priest,shadow,669
rVnDB4fcb9qZAPLv,2025-06-16 Mon,hobbyalkis,46,188570273,dps,rogue,assassination,678
J1QWahcLq2XGz76y,2025-03-24 Mon,turbohot,32,193151689,dps,hunter,beastmastery,662
MtdQYP9rX7GhVwga,2025-04-28 Mon,enjiie,27,189169346,dps,demonhunter,havoc,671
xGkZ8HpnyKWrRLg7,2025-05-19 Mon,willowwisp,40,191084596,dps,druid,balance,674
9WCTwGtmkvpLVJzx,2025-04-30 Wed,oceanblvd,29,193455453,dps,druid,balance,639
F9xXwVZj8P4KmkyT,2025-06-25 Wed,lenus,6,178678382,tank,demonhunter,vengeance,681
NzGpwY6AqHFRjrvn,2025-05-28 Wed,magicwingers,1,185198826,dps,evoker,devastation,678
vyAkKQ9zLWFtGbcN,2025-04-16 Wed,evereld,15,193266682,healer,priest,multiple,665
WF39LNayZYcjkhwH,2025-05-26 Mon,turbohot,6,193151689,dps,hunter,beastmastery,679
BqNcn4Tbk3M8X92f,2025-04-07 Mon,bensbear,21,206917925,dps,druid,balance,663
kzTgc1LJ4ZnHhdb6,2025-06-04 Wed,budgetgoku,42,189084733,tank,paladin,protection,679
hvzV9HgKJYGBNdCq,2025-05-21 Wed,turbohot,16,193151689,dps,hunter,marksmanship,679
hwb4B9Afxn7F3gWm,2025-07-14 Mon,yeviel,13,175140887,healer,paladin,holy,675
NxRd2Xa3ThnmH4AC,2025-06-02 Mon,hobbyalkis,66,188570273,dps,rogue,assassination,675
VJKqP6j2zY9QhpH8,2025-03-17 Mon,hobbyalkis,96,188570273,dps,rogue,assassination,655
DFANHypwvLTzfWaQ,2025-03-19 Wed,bpd,9,191459534,dps,warlock,destruction,659
cb6aVy4NDKAnLr3J,2025-03-26 Wed,wanchan,15,178487898,dps,mage,multiple,662
cb6aVy4NDKAnLr3J,2025-03-26 Wed,swannie,144,190105716,dps,hunter,multiple,662
pFXAZdVQRn1D3Yxy,2025-07-07 Mon,turbohot,9,193151689,dps,hunter,marksmanship,684
hwb4B9Afxn7F3gWm,2025-07-14 Mon,bigboiples,6,148361229,healer,druid,restoration,680
BfWcKMdxybL1j9P7,2025-06-09 Mon,televisions,26,186549150,healer,priest,discipline,681
jmpyLVFaKX8qvZD7,2025-06-11 Wed,mægisk,22,189862882,dps,rogue,outlaw,682
NydaKxcRtAhBj9D4,2025-03-31 Mon,cutefist,56,182363715,healer,monk,mistweaver,664
xGkZ8HpnyKWrRLg7,2025-05-19 Mon,televisions,63,186549150,dps,priest,shadow,676
NzGpwY6AqHFRjrvn,2025-05-28 Wed,televisions,22,186549150,dps,priest,shadow,677
NzGpwY6AqHFRjrvn,2025-05-28 Wed,willowwisp,38,191084596,dps,druid,balance,676
NxRd2Xa3ThnmH4AC,2025-06-02 Mon,evereld,24,193266682,healer,priest,holy,678
F9xXwVZj8P4KmkyT,2025-06-25 Wed,yeviel,44,175140887,healer,paladin,holy,673
MtdQYP9rX7GhVwga,2025-04-28 Mon,ollieyay,72,187612608,dps,deathknight,unholy,666
J1QWahcLq2XGz76y,2025-03-24 Mon,jumzo,43,218508076,dps,paladin,retribution,663
hwb4B9Afxn7F3gWm,2025-07-14 Mon,willowwisp,16,191084596,dps,druid,balance,681
jmpyLVFaKX8qvZD7,2025-06-11 Wed,televisions,25,186549150,dps,priest,shadow,678
NzGpwY6AqHFRjrvn,2025-05-28 Wed,rizzleton,2,219667865,dps,shaman,elemental,676
cb6aVy4NDKAnLr3J,2025-03-26 Wed,ollieyay,44,187612608,dps,deathknight,unholy,660
DFANHypwvLTzfWaQ,2025-03-19 Wed,hobbyalkis,11,188570273,dps,rogue,assassination,656
kzTgc1LJ4ZnHhdb6,2025-06-04 Wed,mægisk,187,189862882,dps,rogue,outlaw,682
VJKqP6j2zY9QhpH8,2025-03-17 Mon,mægisk,33,189862882,dps,rogue,outlaw,655
9WCTwGtmkvpLVJzx,2025-04-30 Wed,krepowl,222,174405031,dps,druid,balance,670
d2LVTkthCvnfKPy7,2025-04-14 Mon,explorer,6,191511951,dps,paladin,retribution,668
jmpyLVFaKX8qvZD7,2025-06-11 Wed,bigboiples,23,148361229,healer,druid,restoration,679
GmxPY2Jqpaf3tNwD,2025-04-02 Wed,willowwisp,17,191084596,dps,druid,balance,663
pFXAZdVQRn1D3Yxy,2025-07-07 Mon,yeviel,28,175140887,healer,paladin,holy,676
MtdQYP9rX7GhVwga,2025-04-28 Mon,lenus,7,178678382,tank,demonhunter,vengeance,670
XyFknKqWVBzcP2fM,2025-07-02 Wed,koriekin,50,218980796,dps,druid,balance,679
c8PFLg3WkCAvBazr,2025-04-09 Wed,bensbear,30,206917925,dps,druid,balance,663
jmpyLVFaKX8qvZD7,2025-06-11 Wed,yearning,20,187165539,dps,monk,windwalker,674
pbzGmXQ8cKA3VRYL,2025-05-12 Mon,stwrithe,64,150043779,dps,warlock,demonology,668
c8PFLg3WkCAvBazr,2025-04-09 Wed,bpd,9,191459534,dps,warlock,destruction,667
DFANHypwvLTzfWaQ,2025-03-19 Wed,televisions,5,186549150,dps,priest,shadow,656
9WCTwGtmkvpLVJzx,2025-04-30 Wed,lenus,28,178678382,tank,demonhunter,vengeance,671
NydaKxcRtAhBj9D4,2025-03-31 Mon,yearning,50,187165539,dps,monk,windwalker,662
j9t2WnbC14fTGvY6,2025-07-16 Wed,hobbyalkis,8,188570273,dps,rogue,assassination,683
XyFknKqWVBzcP2fM,2025-07-02 Wed,evereld,46,193266682,healer,priest,holy,681
NydaKxcRtAhBj9D4,2025-03-31 Mon,bigboiples,58,148361229,healer,druid,restoration,657
xGkZ8HpnyKWrRLg7,2025-05-19 Mon,cutefist,62,182363715,healer,monk,mistweaver,679
3aTr1CZGbjHwqxmX,2025-04-23 Wed,jumzo,30,218508076,dps,paladin,retribution,670
hvzV9HgKJYGBNdCq,2025-05-21 Wed,stwrithe,6,150043779,dps,warlock,multiple,675
MymtjWk9brQ6aBqR,2025-06-23 Mon,magicwingers,1,185198826,dps,evoker,devastation,681
DFANHypwvLTzfWaQ,2025-03-19 Wed,iustitiæ,31,186961005,dps,warrior,fury,658
xGkZ8HpnyKWrRLg7,2025-05-19 Mon,cherven,7,188783889,tank,deathknight,blood,681
J1QWahcLq2XGz76y,2025-03-24 Mon,bigboiples,38,148361229,healer,druid,restoration,651
BfWcKMdxybL1j9P7,2025-06-09 Mon,magicwingers,2,185198826,healer,evoker,preservation,680
c8PFLg3WkCAvBazr,2025-04-09 Wed,televisions,11,186549150,dps,priest,shadow,666
XyFknKqWVBzcP2fM,2025-07-02 Wed,bigboiples,49,148361229,healer,druid,restoration,680
3aTr1CZGbjHwqxmX,2025-04-23 Wed,magicwingers,2,185198826,healer,evoker,preservation,669
xGkZ8HpnyKWrRLg7,2025-05-19 Mon,evereld,44,193266682,healer,priest,holy,676
BqNcn4Tbk3M8X92f,2025-04-07 Mon,iustitiæ,17,186961005,dps,warrior,fury,665
pWxYMRbVZgAq3cJT,2025-07-09 Wed,willowwisp,9,191084596,dps,druid,balance,681
BfWcKMdxybL1j9P7,2025-06-09 Mon,hobbyalkis,36,188570273,dps,rogue,assassination,677
BfWcKMdxybL1j9P7,2025-06-09 Mon,magicwingers,2,185198826,dps,evoker,devastation,678
MymtjWk9brQ6aBqR,2025-06-23 Mon,unrecorded,24,187383955,dps,mage,arcane,681
d2LVTkthCvnfKPy7,2025-04-14 Mon,televisions,33,186549150,dps,priest,shadow,666
hvzV9HgKJYGBNdCq,2025-05-21 Wed,unrecorded,44,187383955,dps,mage,multiple,677
NxRd2Xa3ThnmH4AC,2025-06-02 Mon,bigboiples,62,148361229,healer,druid,restoration,677
BqNcn4Tbk3M8X92f,2025-04-07 Mon,enjiie,8,189169346,dps,demonhunter,havoc,667
VJKqP6j2zY9QhpH8,2025-03-17 Mon,roropriest,11,210554904,healer,priest,multiple,654
kzTgc1LJ4ZnHhdb6,2025-06-04 Wed,pattern,11,192722819,dps,warlock,destruction,665
j9t2WnbC14fTGvY6,2025-07-16 Wed,willowwisp,16,191084596,dps,druid,balance,681
vyAkKQ9zLWFtGbcN,2025-04-16 Wed,hobbyalkis,45,188570273,dps,rogue,assassination,667
F9xXwVZj8P4KmkyT,2025-06-25 Wed,yearning,41,187165539,dps,monk,windwalker,679
c8PFLg3WkCAvBazr,2025-04-09 Wed,enjiie,3,189169346,dps,demonhunter,havoc,668
hvzV9HgKJYGBNdCq,2025-05-21 Wed,cutefist,48,182363715,healer,monk,mistweaver,679
MymtjWk9brQ6aBqR,2025-06-23 Mon,cutefist,14,182363715,healer,monk,mistweaver,683
DFANHypwvLTzfWaQ,2025-03-19 Wed,ashyminge,28,190156111,dps,mage,multiple,657
VJKqP6j2zY9QhpH8,2025-03-17 Mon,ollieyay,87,187612608,dps,deathknight,unholy,652
hzQfK6NLbRvWAjrg,2025-05-07 Wed,alexmae,73,182815351,healer,priest,holy,659
MymtjWk9brQ6aBqR,2025-06-23 Mon,rizzleton,4,219667865,dps,shaman,elemental,679
j9t2WnbC14fTGvY6,2025-07-16 Wed,brickyd,19,190024741,tank,warrior,protection,680
hvzV9HgKJYGBNdCq,2025-05-21 Wed,yeviel,18,175140887,healer,paladin,holy,669
xGkZ8HpnyKWrRLg7,2025-05-19 Mon,koriekin,72,218980796,dps,druid,balance,675
9WCTwGtmkvpLVJzx,2025-04-30 Wed,explorer,5,191511951,dps,paladin,retribution,673
DAQn38bGZFdRT67j,2025-05-05 Mon,explorer,3,191511951,dps,paladin,retribution,673
kzTgc1LJ4ZnHhdb6,2025-06-04 Wed,koriekin,8,218980796,dps,druid,balance,678
RqBF9J8d7jKzpVDM,2025-06-30 Mon,evereld,17,193266682,healer,priest,holy,681
hzQfK6NLbRvWAjrg,2025-05-07 Wed,cherven,244,188783889,tank,deathknight,blood,670
pbzGmXQ8cKA3VRYL,2025-05-12 Mon,evereld,46,193266682,healer,priest,holy,671
c8PFLg3WkCAvBazr,2025-04-09 Wed,lenus,18,178678382,tank,demonhunter,vengeance,665
xGkZ8HpnyKWrRLg7,2025-05-19 Mon,explorer,2,191511951,dps,paladin,retribution,678
hzQfK6NLbRvWAjrg,2025-05-07 Wed,willowwisp,13,191084596,healer,druid,restoration,668
rVnDB4fcb9qZAPLv,2025-06-16 Mon,jumzo,19,218508076,dps,paladin,retribution,680
hvzV9HgKJYGBNdCq,2025-05-21 Wed,iustitiæ,22,186961005,dps,warrior,fury,680
xL9yRtDvjZK7QTYJ,2025-04-21 Mon,cutefist,46,182363715,healer,monk,mistweaver,669
9WCTwGtmkvpLVJzx,2025-04-30 Wed,bigboiples,32,148361229,healer,druid,restoration,672
J1QWahcLq2XGz76y,2025-03-24 Mon,rizzleton,22,219667865,dps,shaman,elemental,661
cb6aVy4NDKAnLr3J,2025-03-26 Wed,explorer,2,191511951,dps,paladin,retribution,664
DAQn38bGZFdRT67j,2025-05-05 Mon,hobbyalkis,96,188570273,dps,rogue,assassination,669
3aTr1CZGbjHwqxmX,2025-04-23 Wed,budgetgoku,10,189084733,tank,paladin,protection,669
3aTr1CZGbjHwqxmX,2025-04-23 Wed,ollieyay,21,187612608,dps,deathknight,unholy,666
rVnDB4fcb9qZAPLv,2025-06-16 Mon,enjiie,29,189169346,dps,demonhunter,havoc,682
vyAkKQ9zLWFtGbcN,2025-04-16 Wed,bpd,5,191459534,dps,warlock,destruction,667
rVnDB4fcb9qZAPLv,2025-06-16 Mon,koriekin,8,218980796,dps,druid,balance,678
xL9yRtDvjZK7QTYJ,2025-04-21 Mon,lenus,20,178678382,tank,demonhunter,vengeance,668
hvzV9HgKJYGBNdCq,2025-05-21 Wed,iustitiæ,22,186961005,tank,warrior,protection,674
RqBF9J8d7jKzpVDM,2025-06-30 Mon,lenus,11,178678382,tank,demonhunter,vengeance,681
VJKqP6j2zY9QhpH8,2025-03-17 Mon,roropriest,11,210554904,dps,priest,shadow,654
RqBF9J8d7jKzpVDM,2025-06-30 Mon,mægisk,47,189862882,dps,rogue,outlaw,682
c8PFLg3WkCAvBazr,2025-04-09 Wed,iustitiæ,7,186961005,dps,warrior,fury,667
F9xXwVZj8P4KmkyT,2025-06-25 Wed,rizzleton,2,219667865,dps,shaman,elemental,680
GmxPY2Jqpaf3tNwD,2025-04-02 Wed,televisions,18,186549150,dps,priest,shadow,661
9WCTwGtmkvpLVJzx,2025-04-30 Wed,turbohot,83,193151689,dps,hunter,multiple,672
vyAkKQ9zLWFtGbcN,2025-04-16 Wed,televisions,44,186549150,healer,priest,discipline,666
VJKqP6j2zY9QhpH8,2025-03-17 Mon,bigboiples,86,148361229,healer,druid,restoration,638
hwb4B9Afxn7F3gWm,2025-07-14 Mon,brickyd,18,190024741,tank,warrior,protection,678
GmxPY2Jqpaf3tNwD,2025-04-02 Wed,bpd,5,191459534,dps,warlock,destruction,665
RqBF9J8d7jKzpVDM,2025-06-30 Mon,bigboiples,19,148361229,healer,druid,restoration,680
d2LVTkthCvnfKPy7,2025-04-14 Mon,enjiie,42,189169346,dps,demonhunter,havoc,668
pFXAZdVQRn1D3Yxy,2025-07-07 Mon,televisions,33,186549150,dps,priest,shadow,680
VJKqP6j2zY9QhpH8,2025-03-17 Mon,glizzyrider,43,261507174,dps,monk,windwalker,659
F9xXwVZj8P4KmkyT,2025-06-25 Wed,televisions,45,186549150,healer,priest,discipline,682
J1QWahcLq2XGz76y,2025-03-24 Mon,mægisk,44,189862882,dps,rogue,outlaw,661
hzQfK6NLbRvWAjrg,2025-05-07 Wed,bigboiples,24,148361229,healer,druid,restoration,672
3aTr1CZGbjHwqxmX,2025-04-23 Wed,mashin,179,186531525,dps,druid,multiple,670
kzTgc1LJ4ZnHhdb6,2025-06-04 Wed,magicwingers,3,185198826,healer,evoker,preservation,680
pbzGmXQ8cKA3VRYL,2025-05-12 Mon,hobbyalkis,50,188570273,dps,rogue,assassination,670
3aTr1CZGbjHwqxmX,2025-04-23 Wed,hobbyalkis,24,188570273,dps,rogue,assassination,668
d2LVTkthCvnfKPy7,2025-04-14 Mon,magicwingers,2,185198826,healer,evoker,preservation,666
kzTgc1LJ4ZnHhdb6,2025-06-04 Wed,televisions,38,186549150,healer,priest,discipline,680
d2LVTkthCvnfKPy7,2025-04-14 Mon,bpd,4,191459534,dps,warlock,destruction,667
XyFknKqWVBzcP2fM,2025-07-02 Wed,lenus,45,178678382,tank,demonhunter,vengeance,681
GmxPY2Jqpaf3tNwD,2025-04-02 Wed,bigboiples,38,148361229,healer,druid,restoration,659
DFANHypwvLTzfWaQ,2025-03-19 Wed,cutefist,191,182363715,healer,monk,mistweaver,654
j9t2WnbC14fTGvY6,2025-07-16 Wed,ashyminge,18,190156111,dps,mage,fire,683
MtdQYP9rX7GhVwga,2025-04-28 Mon,jumzo,71,218508076,dps,paladin,retribution,671
pFXAZdVQRn1D3Yxy,2025-07-07 Mon,ashyminge,30,190156111,dps,mage,fire,681
J1QWahcLq2XGz76y,2025-03-24 Mon,enjiie,28,189169346,dps,demonhunter,havoc,662
DFANHypwvLTzfWaQ,2025-03-19 Wed,jumzo,23,218508076,dps,paladin,retribution,661
pFXAZdVQRn1D3Yxy,2025-07-07 Mon,bigboiples,23,148361229,healer,druid,restoration,680
3aTr1CZGbjHwqxmX,2025-04-23 Wed,cutefist,5,182363715,healer,monk,mistweaver,670
BqNcn4Tbk3M8X92f,2025-04-07 Mon,wanchan,18,178487898,dps,mage,multiple,666
jmpyLVFaKX8qvZD7,2025-06-11 Wed,cutefist,12,182363715,healer,monk,mistweaver,682
BfWcKMdxybL1j9P7,2025-06-09 Mon,glizzyrider,28,261507174,dps,monk,windwalker,676
F9xXwVZj8P4KmkyT,2025-06-25 Wed,willowwisp,50,191084596,dps,druid,balance,680
c8PFLg3WkCAvBazr,2025-04-09 Wed,yeviel,22,175140887,healer,paladin,holy,662
hzQfK6NLbRvWAjrg,2025-05-07 Wed,explorer,7,191511951,dps,paladin,retribution,673
NzGpwY6AqHFRjrvn,2025-05-28 Wed,jumzo,34,218508076,dps,paladin,retribution,679
jmpyLVFaKX8qvZD7,2025-06-11 Wed,magicwingers,2,185198826,dps,evoker,devastation,680
VJKqP6j2zY9QhpH8,2025-03-17 Mon,ashyminge,19,190156111,dps,mage,multiple,651
hzQfK6NLbRvWAjrg,2025-05-07 Wed,rizzleton,1,219667865,dps,shaman,elemental,673
xGkZ8HpnyKWrRLg7,2025-05-19 Mon,iustitiæ,60,186961005,dps,warrior,fury,674
BfWcKMdxybL1j9P7,2025-06-09 Mon,explorer,13,191511951,dps,paladin,retribution,683
MymtjWk9brQ6aBqR,2025-06-23 Mon,ashyminge,19,190156111,dps,mage,multiple,678
WF39LNayZYcjkhwH,2025-05-26 Mon,evereld,32,193266682,healer,priest,holy,677
hvzV9HgKJYGBNdCq,2025-05-21 Wed,mægisk,23,189862882,dps,rogue,outlaw,680
MymtjWk9brQ6aBqR,2025-06-23 Mon,jumzo,20,218508076,dps,paladin,retribution,680
XyFknKqWVBzcP2fM,2025-07-02 Wed,yearning,56,187165539,dps,monk,windwalker,680
9WCTwGtmkvpLVJzx,2025-04-30 Wed,magicwingers,8,185198826,dps,evoker,devastation,669
GmxPY2Jqpaf3tNwD,2025-04-02 Wed,iustitiæ,43,186961005,dps,warrior,fury,665
BqNcn4Tbk3M8X92f,2025-04-07 Mon,evereld,113,193266682,healer,priest,discipline,661
NydaKxcRtAhBj9D4,2025-03-31 Mon,budgetgoku,59,189084733,tank,paladin,protection,664
3aTr1CZGbjHwqxmX,2025-04-23 Wed,iustitiæ,41,186961005,dps,warrior,fury,670
hzQfK6NLbRvWAjrg,2025-05-07 Wed,turbohot,15,193151689,dps,hunter,marksmanship,674
pFXAZdVQRn1D3Yxy,2025-07-07 Mon,lenus,2,178678382,tank,demonhunter,vengeance,681
J1QWahcLq2XGz76y,2025-03-24 Mon,ashyminge,24,190156111,dps,mage,multiple,660
hzQfK6NLbRvWAjrg,2025-05-07 Wed,ollieyay,20,187612608,dps,deathknight,unholy,667
hvzV9HgKJYGBNdCq,2025-05-21 Wed,bensbear,25,206917925,dps,druid,balance,671
F9xXwVZj8P4KmkyT,2025-06-25 Wed,pattern,38,192722819,dps,warlock,destruction,673
xL9yRtDvjZK7QTYJ,2025-04-21 Mon,rizzleton,7,219667865,dps,shaman,elemental,669
vyAkKQ9zLWFtGbcN,2025-04-16 Wed,unrecorded,27,187383955,dps,mage,fire,665
pWxYMRbVZgAq3cJT,2025-07-09 Wed,mægisk,22,189862882,dps,rogue,outlaw,684
XyFknKqWVBzcP2fM,2025-07-02 Wed,enjiie,52,189169346,dps,demonhunter,havoc,683
VJKqP6j2zY9QhpH8,2025-03-17 Mon,budgetgoku,26,189084733,tank,paladin,protection,656
hwb4B9Afxn7F3gWm,2025-07-14 Mon,koriekin,7,218980796,dps,druid,balance,680
9WCTwGtmkvpLVJzx,2025-04-30 Wed,cherven,314,188783889,tank,deathknight,blood,670
MtdQYP9rX7GhVwga,2025-04-28 Mon,bigboiples,52,148361229,healer,druid,restoration,669
jmpyLVFaKX8qvZD7,2025-06-11 Wed,jumzo,4,218508076,dps,paladin,retribution,680
BfWcKMdxybL1j9P7,2025-06-09 Mon,pattern,6,192722819,dps,warlock,multiple,667
DFANHypwvLTzfWaQ,2025-03-19 Wed,lenus,14,178678382,tank,demonhunter,vengeance,659
F9xXwVZj8P4KmkyT,2025-06-25 Wed,magicwingers,1,185198826,dps,evoker,devastation,683
WF39LNayZYcjkhwH,2025-05-26 Mon,apocryphâ,39,101429797,tank,deathknight,blood,676
BqNcn4Tbk3M8X92f,2025-04-07 Mon,televisions,10,186549150,dps,priest,shadow,665
cb6aVy4NDKAnLr3J,2025-03-26 Wed,turbohot,39,193151689,dps,hunter,beastmastery,663
MtdQYP9rX7GhVwga,2025-04-28 Mon,evereld,63,193266682,healer,priest,discipline,669
NzGpwY6AqHFRjrvn,2025-05-28 Wed,turbohot,27,193151689,dps,hunter,multiple,681
pWxYMRbVZgAq3cJT,2025-07-09 Wed,televisions,27,186549150,dps,priest,shadow,681
hzQfK6NLbRvWAjrg,2025-05-07 Wed,willowwisp,13,191084596,dps,druid,balance,668
9WCTwGtmkvpLVJzx,2025-04-30 Wed,apocryphâ,34,101429797,dps,deathknight,unholy,668
XyFknKqWVBzcP2fM,2025-07-02 Wed,magicwingers,1,185198826,dps,evoker,devastation,683
pWxYMRbVZgAq3cJT,2025-07-09 Wed,enjiie,10,189169346,dps,demonhunter,havoc,683
pWxYMRbVZgAq3cJT,2025-07-09 Wed,koriekin,16,218980796,dps,druid,balance,680
jmpyLVFaKX8qvZD7,2025-06-11 Wed,evereld,15,193266682,healer,priest,holy,679
MymtjWk9brQ6aBqR,2025-06-23 Mon,lenus,2,178678382,tank,demonhunter,vengeance,679
BqNcn4Tbk3M8X92f,2025-04-07 Mon,hobbyalkis,14,188570273,dps,rogue,assassination,662
NxRd2Xa3ThnmH4AC,2025-06-02 Mon,willowwisp,27,191084596,dps,druid,balance,676
WF39LNayZYcjkhwH,2025-05-26 Mon,hobbyalkis,44,188570273,dps,rogue,assassination,673
VJKqP6j2zY9QhpH8,2025-03-17 Mon,rizzleton,18,219667865,dps,shaman,elemental,654
GmxPY2Jqpaf3tNwD,2025-04-02 Wed,televisions,18,186549150,healer,priest,discipline,661
BqNcn4Tbk3M8X92f,2025-04-07 Mon,lenus,9,178678382,tank,demonhunter,vengeance,665
XyFknKqWVBzcP2fM,2025-07-02 Wed,pattern,41,192722819,dps,warlock,destruction,674
WF39LNayZYcjkhwH,2025-05-26 Mon,enjiie,17,189169346,dps,demonhunter,havoc,677
jmpyLVFaKX8qvZD7,2025-06-11 Wed,turbohot,14,193151689,dps,hunter,marksmanship,683
WF39LNayZYcjkhwH,2025-05-26 Mon,wanchan,19,178487898,dps,mage,multiple,673
vyAkKQ9zLWFtGbcN,2025-04-16 Wed,cherven,37,188783889,tank,deathknight,blood,669
d2LVTkthCvnfKPy7,2025-04-14 Mon,evereld,41,193266682,healer,priest,discipline,665
hwb4B9Afxn7F3gWm,2025-07-14 Mon,enjiie,9,189169346,dps,demonhunter,havoc,683
MtdQYP9rX7GhVwga,2025-04-28 Mon,explorer,1,191511951,dps,paladin,retribution,671
XyFknKqWVBzcP2fM,2025-07-02 Wed,mægisk,57,189862882,dps,rogue,outlaw,683
jmpyLVFaKX8qvZD7,2025-06-11 Wed,lenus,11,178678382,tank,demonhunter,vengeance,678
9WCTwGtmkvpLVJzx,2025-04-30 Wed,mægisk,223,189862882,dps,rogue,outlaw,671
DAQn38bGZFdRT67j,2025-05-05 Mon,ollieyay,46,187612608,dps,deathknight,unholy,666
kzTgc1LJ4ZnHhdb6,2025-06-04 Wed,willowwisp,34,191084596,healer,druid,restoration,679
c8PFLg3WkCAvBazr,2025-04-09 Wed,jumzo,21,218508076,dps,paladin,retribution,667
hzQfK6NLbRvWAjrg,2025-05-07 Wed,unrecorded,8,187383955,dps,mage,multiple,671
cb6aVy4NDKAnLr3J,2025-03-26 Wed,enjiie,143,189169346,dps,demonhunter,havoc,663
vyAkKQ9zLWFtGbcN,2025-04-16 Wed,ollieyay,38,187612608,dps,deathknight,unholy,664
jmpyLVFaKX8qvZD7,2025-06-11 Wed,enjiie,13,189169346,dps,demonhunter,havoc,682
XyFknKqWVBzcP2fM,2025-07-02 Wed,rizzleton,53,219667865,dps,shaman,elemental,680
RqBF9J8d7jKzpVDM,2025-06-30 Mon,jumzo,16,218508076,dps,paladin,retribution,681
kzTgc1LJ4ZnHhdb6,2025-06-04 Wed,willowwisp,34,191084596,dps,druid,balance,679
NxRd2Xa3ThnmH4AC,2025-06-02 Mon,stwrithe,1,150043779,dps,warlock,destruction,677
GmxPY2Jqpaf3tNwD,2025-04-02 Wed,larssonoker,41,185214849,dps,evoker,devastation,660
VJKqP6j2zY9QhpH8,2025-03-17 Mon,iustitiæ,14,186961005,dps,warrior,fury,654
hwb4B9Afxn7F3gWm,2025-07-14 Mon,ashyminge,17,190156111,dps,mage,fire,682
pbzGmXQ8cKA3VRYL,2025-05-12 Mon,ollieyay,58,187612608,dps,deathknight,unholy,667
xGkZ8HpnyKWrRLg7,2025-05-19 Mon,turbohot,67,193151689,dps,hunter,marksmanship,678
RqBF9J8d7jKzpVDM,2025-06-30 Mon,delvur,43,187148477,dps,paladin,retribution,682
xGkZ8HpnyKWrRLg7,2025-05-19 Mon,wanchan,25,178487898,dps,mage,fire,674
jmpyLVFaKX8qvZD7,2025-06-11 Wed,hobbyalkis,21,188570273,dps,rogue,assassination,677
pbzGmXQ8cKA3VRYL,2025-05-12 Mon,ashyminge,39,190156111,dps,mage,multiple,669
VJKqP6j2zY9QhpH8,2025-03-17 Mon,lenus,4,178678382,tank,demonhunter,vengeance,652
GmxPY2Jqpaf3tNwD,2025-04-02 Wed,budgetgoku,24,189084733,tank,paladin,protection,665
NxRd2Xa3ThnmH4AC,2025-06-02 Mon,budgetgoku,29,189084733,tank,paladin,protection,677
BfWcKMdxybL1j9P7,2025-06-09 Mon,turbohot,38,193151689,dps,hunter,marksmanship,682
xGkZ8HpnyKWrRLg7,2025-05-19 Mon,lenus,9,178678382,tank,demonhunter,vengeance,674
VJKqP6j2zY9QhpH8,2025-03-17 Mon,yearning,30,187165539,dps,monk,windwalker,660
3aTr1CZGbjHwqxmX,2025-04-23 Wed,bensbear,35,206917925,dps,druid,balance,667
vyAkKQ9zLWFtGbcN,2025-04-16 Wed,wanchan,9,178487898,dps,mage,fire,668
pFXAZdVQRn1D3Yxy,2025-07-07 Mon,cutefist,31,182363715,healer,monk,mistweaver,684
BqNcn4Tbk3M8X92f,2025-04-07 Mon,rizzleton,13,219667865,dps,shaman,elemental,666
rVnDB4fcb9qZAPLv,2025-06-16 Mon,televisions,14,186549150,healer,priest,discipline,681
F9xXwVZj8P4KmkyT,2025-06-25 Wed,jumzo,10,218508076,dps,paladin,retribution,681
jmpyLVFaKX8qvZD7,2025-06-11 Wed,wanchan,24,178487898,dps,mage,fire,675
GmxPY2Jqpaf3tNwD,2025-04-02 Wed,wanchan,20,178487898,dps,mage,fire,663
GmxPY2Jqpaf3tNwD,2025-04-02 Wed,jumzo,10,218508076,dps,paladin,retribution,666
WF39LNayZYcjkhwH,2025-05-26 Mon,mægisk,50,189862882,dps,rogue,outlaw,682
jmpyLVFaKX8qvZD7,2025-06-11 Wed,unrecorded,18,187383955,dps,mage,arcane,681
hwb4B9Afxn7F3gWm,2025-07-14 Mon,delvur,10,187148477,dps,paladin,retribution,682
BqNcn4Tbk3M8X92f,2025-04-07 Mon,ashyminge,12,190156111,dps,mage,multiple,663
kzTgc1LJ4ZnHhdb6,2025-06-04 Wed,evereld,10,193266682,healer,priest,holy,679
GmxPY2Jqpaf3tNwD,2025-04-02 Wed,mægisk,44,189862882,dps,rogue,outlaw,666
3aTr1CZGbjHwqxmX,2025-04-23 Wed,enjiie,37,189169346,dps,demonhunter,havoc,671
BqNcn4Tbk3M8X92f,2025-04-07 Mon,bigboiples,3,148361229,healer,druid,restoration,659
9WCTwGtmkvpLVJzx,2025-04-30 Wed,evereld,2,193266682,healer,priest,multiple,669
hzQfK6NLbRvWAjrg,2025-05-07 Wed,televisions,4,186549150,dps,priest,shadow,669
jmpyLVFaKX8qvZD7,2025-06-11 Wed,magicwingers,2,185198826,healer,evoker,preservation,679
hzQfK6NLbRvWAjrg,2025-05-07 Wed,magicwingers,5,185198826,healer,evoker,preservation,672
F9xXwVZj8P4KmkyT,2025-06-25 Wed,koriekin,54,218980796,dps,druid,balance,679
hvzV9HgKJYGBNdCq,2025-05-21 Wed,magicwingers,3,185198826,healer,evoker,preservation,678
DFANHypwvLTzfWaQ,2025-03-19 Wed,bigboiples,4,148361229,healer,druid,restoration,644
MymtjWk9brQ6aBqR,2025-06-23 Mon,enjiie,16,189169346,dps,demonhunter,havoc,683
MymtjWk9brQ6aBqR,2025-06-23 Mon,hobbyalkis,32,188570273,dps,rogue,assassination,680
cb6aVy4NDKAnLr3J,2025-03-26 Wed,hobbyalkis,45,188570273,dps,rogue,assassination,661
9WCTwGtmkvpLVJzx,2025-04-30 Wed,cutefist,25,182363715,healer,monk,mistweaver,672
xL9yRtDvjZK7QTYJ,2025-04-21 Mon,turbohot,14,193151689,dps,hunter,beastmastery,669
9WCTwGtmkvpLVJzx,2025-04-30 Wed,iustitiæ,21,186961005,dps,warrior,fury,671
DAQn38bGZFdRT67j,2025-05-05 Mon,willowwisp,50,191084596,dps,druid,balance,667
rVnDB4fcb9qZAPLv,2025-06-16 Mon,wanchan,13,178487898,dps,mage,fire,675
cb6aVy4NDKAnLr3J,2025-03-26 Wed,lenus,8,178678382,tank,demonhunter,vengeance,662
F9xXwVZj8P4KmkyT,2025-06-25 Wed,budgetgoku,33,189084733,tank,paladin,protection,683
hvzV9HgKJYGBNdCq,2025-05-21 Wed,hobbyalkis,5,188570273,dps,rogue,assassination,673
xL9yRtDvjZK7QTYJ,2025-04-21 Mon,enjiie,43,189169346,dps,demonhunter,havoc,670
3aTr1CZGbjHwqxmX,2025-04-23 Wed,magicwingers,2,185198826,dps,evoker,devastation,668
VJKqP6j2zY9QhpH8,2025-03-17 Mon,enjiie,84,189169346,dps,demonhunter,havoc,650
hvzV9HgKJYGBNdCq,2025-05-21 Wed,lenus,15,178678382,tank,demonhunter,vengeance,674
9WCTwGtmkvpLVJzx,2025-04-30 Wed,cutefist,25,182363715,dps,monk,windwalker,670
cb6aVy4NDKAnLr3J,2025-03-26 Wed,bpd,5,191459534,dps,warlock,destruction,662
VJKqP6j2zY9QhpH8,2025-03-17 Mon,jumzo,16,218508076,dps,paladin,retribution,655
j9t2WnbC14fTGvY6,2025-07-16 Wed,jumzo,9,218508076,dps,paladin,retribution,683
hzQfK6NLbRvWAjrg,2025-05-07 Wed,hobbyalkis,180,188570273,dps,rogue,assassination,669
xL9yRtDvjZK7QTYJ,2025-04-21 Mon,ollieyay,53,187612608,dps,deathknight,unholy,665
WF39LNayZYcjkhwH,2025-05-26 Mon,willowwisp,36,191084596,dps,druid,balance,676
3aTr1CZGbjHwqxmX,2025-04-23 Wed,televisions,26,186549150,healer,priest,discipline,668
MymtjWk9brQ6aBqR,2025-06-23 Mon,mægisk,23,189862882,dps,rogue,outlaw,682
BqNcn4Tbk3M8X92f,2025-04-07 Mon,cherven,90,188783889,tank,deathknight,blood,662
VJKqP6j2zY9QhpH8,2025-03-17 Mon,benspala,17,205490167,healer,paladin,holy,639
DAQn38bGZFdRT67j,2025-05-05 Mon,wanchan,49,178487898,dps,mage,fire,670
cb6aVy4NDKAnLr3J,2025-03-26 Wed,roropriest,9,210554904,dps,priest,shadow,660
rVnDB4fcb9qZAPLv,2025-06-16 Mon,magicwingers,1,185198826,healer,evoker,preservation,679
GmxPY2Jqpaf3tNwD,2025-04-02 Wed,ollieyay,45,187612608,dps,deathknight,unholy,663
RqBF9J8d7jKzpVDM,2025-06-30 Mon,willowwisp,22,191084596,dps,druid,balance,680
J1QWahcLq2XGz76y,2025-03-24 Mon,yevie,41,178083954,healer,priest,discipline,660
kzTgc1LJ4ZnHhdb6,2025-06-04 Wed,explorer,4,191511951,dps,paladin,retribution,681
pFXAZdVQRn1D3Yxy,2025-07-07 Mon,mægisk,20,189862882,dps,rogue,outlaw,683
vyAkKQ9zLWFtGbcN,2025-04-16 Wed,lenus,3,178678382,tank,demonhunter,vengeance,667
jmpyLVFaKX8qvZD7,2025-06-11 Wed,pattern,6,192722819,dps,warlock,multiple,667
DFANHypwvLTzfWaQ,2025-03-19 Wed,yevie,17,178083954,healer,priest,discipline,659
F9xXwVZj8P4KmkyT,2025-06-25 Wed,ashyminge,9,190156111,dps,mage,multiple,678
BqNcn4Tbk3M8X92f,2025-04-07 Mon,cutefist,6,182363715,healer,monk,mistweaver,665
cb6aVy4NDKAnLr3J,2025-03-26 Wed,cutefist,12,182363715,healer,monk,mistweaver,662
cb6aVy4NDKAnLr3J,2025-03-26 Wed,mægisk,42,189862882,dps,rogue,outlaw,661
cb6aVy4NDKAnLr3J,2025-03-26 Wed,jumzo,7,218508076,dps,paladin,retribution,664
XyFknKqWVBzcP2fM,2025-07-02 Wed,unrecorded,58,187383955,dps,mage,multiple,681
d2LVTkthCvnfKPy7,2025-04-14 Mon,bensbear,34,206917925,dps,druid,balance,665
DAQn38bGZFdRT67j,2025-05-05 Mon,rizzleton,6,219667865,dps,shaman,elemental,672
VJKqP6j2zY9QhpH8,2025-03-17 Mon,willowwisp,89,191084596,dps,druid,balance,647
jmpyLVFaKX8qvZD7,2025-06-11 Wed,budgetgoku,36,189084733,tank,paladin,protection,682
NzGpwY6AqHFRjrvn,2025-05-28 Wed,enjiie,35,189169346,dps,demonhunter,havoc,679
9WCTwGtmkvpLVJzx,2025-04-30 Wed,rizzleton,7,219667865,dps,shaman,elemental,671
j9t2WnbC14fTGvY6,2025-07-16 Wed,turbohot,17,193151689,dps,hunter,marksmanship,684
xL9yRtDvjZK7QTYJ,2025-04-21 Mon,televisions,51,186549150,dps,priest,shadow,667
hzQfK6NLbRvWAjrg,2025-05-07 Wed,cutefist,45,182363715,healer,monk,mistweaver,673
DFANHypwvLTzfWaQ,2025-03-19 Wed,bamoo,50,189865588,dps,druid,balance,651
hvzV9HgKJYGBNdCq,2025-05-21 Wed,willowwisp,24,191084596,dps,druid,balance,676
NxRd2Xa3ThnmH4AC,2025-06-02 Mon,rizzleton,5,219667865,dps,shaman,elemental,677
NxRd2Xa3ThnmH4AC,2025-06-02 Mon,enjiie,6,189169346,dps,demonhunter,havoc,680
NxRd2Xa3ThnmH4AC,2025-06-02 Mon,mægisk,45,189862882,dps,rogue,outlaw,682
pWxYMRbVZgAq3cJT,2025-07-09 Wed,brickyd,20,190024741,tank,warrior,protection,671
DFANHypwvLTzfWaQ,2025-03-19 Wed,explorer,7,191511951,dps,paladin,retribution,655
d2LVTkthCvnfKPy7,2025-04-14 Mon,mægisk,38,189862882,dps,rogue,outlaw,667
DFANHypwvLTzfWaQ,2025-03-19 Wed,turbohot,18,193151689,dps,hunter,beastmastery,660
GmxPY2Jqpaf3tNwD,2025-04-02 Wed,iustitiæ,43,186961005,tank,warrior,protection,661
MtdQYP9rX7GhVwga,2025-04-28 Mon,rizzleton,18,219667865,dps,shaman,elemental,671
3aTr1CZGbjHwqxmX,2025-04-23 Wed,evereld,32,193266682,healer,priest,multiple,668
rVnDB4fcb9qZAPLv,2025-06-16 Mon,ashyminge,47,190156111,dps,mage,fire,675
pbzGmXQ8cKA3VRYL,2025-05-12 Mon,lenus,33,178678382,tank,demonhunter,vengeance,672
vyAkKQ9zLWFtGbcN,2025-04-16 Wed,ashyminge,17,190156111,dps,mage,multiple,664
pbzGmXQ8cKA3VRYL,2025-05-12 Mon,enjiie,42,189169346,dps,demonhunter,havoc,673
BfWcKMdxybL1j9P7,2025-06-09 Mon,rizzleton,1,219667865,dps,shaman,elemental,678
pFXAZdVQRn1D3Yxy,2025-07-07 Mon,willowwisp,6,191084596,dps,druid,balance,681
vyAkKQ9zLWFtGbcN,2025-04-16 Wed,bigboiples,36,148361229,healer,druid,restoration,664
WF39LNayZYcjkhwH,2025-05-26 Mon,ashyminge,43,190156111,dps,mage,multiple,673
MtdQYP9rX7GhVwga,2025-04-28 Mon,cherven,49,188783889,tank,deathknight,blood,670
NzGpwY6AqHFRjrvn,2025-05-28 Wed,explorer,26,191511951,dps,paladin,retribution,681
d2LVTkthCvnfKPy7,2025-04-14 Mon,lenus,3,178678382,tank,demonhunter,vengeance,666
WF39LNayZYcjkhwH,2025-05-26 Mon,koriekin,65,218980796,dps,druid,balance,677
c8PFLg3WkCAvBazr,2025-04-09 Wed,hobbyalkis,47,188570273,dps,rogue,assassination,666
WF39LNayZYcjkhwH,2025-05-26 Mon,jumzo,11,218508076,dps,paladin,retribution,679
BfWcKMdxybL1j9P7,2025-06-09 Mon,budgetgoku,39,189084733,tank,paladin,protection,681
RqBF9J8d7jKzpVDM,2025-06-30 Mon,yeviel,45,175140887,healer,paladin,holy,673
cb6aVy4NDKAnLr3J,2025-03-26 Wed,ashyminge,16,190156111,dps,mage,multiple,662
cb6aVy4NDKAnLr3J,2025-03-26 Wed,yearning,35,187165539,dps,monk,windwalker,661
xL9yRtDvjZK7QTYJ,2025-04-21 Mon,bensbear,39,206917925,dps,druid,balance,666
vyAkKQ9zLWFtGbcN,2025-04-16 Wed,iustitiæ,40,186961005,dps,warrior,fury,669
MtdQYP9rX7GhVwga,2025-04-28 Mon,bpd,36,191459534,dps,warlock,destruction,671
NxRd2Xa3ThnmH4AC,2025-06-02 Mon,ashyminge,65,190156111,dps,mage,fire,674
DAQn38bGZFdRT67j,2025-05-05 Mon,lenus,4,178678382,tank,demonhunter,vengeance,671
c8PFLg3WkCAvBazr,2025-04-09 Wed,cherven,16,188783889,tank,deathknight,blood,665
NxRd2Xa3ThnmH4AC,2025-06-02 Mon,explorer,2,191511951,dps,paladin,retribution,681
pWxYMRbVZgAq3cJT,2025-07-09 Wed,delvur,3,187148477,dps,paladin,retribution,682
hvzV9HgKJYGBNdCq,2025-05-21 Wed,wanchan,11,178487898,dps,mage,multiple,673
GmxPY2Jqpaf3tNwD,2025-04-02 Wed,ashyminge,42,190156111,dps,mage,multiple,662
9WCTwGtmkvpLVJzx,2025-04-30 Wed,ashyminge,31,190156111,dps,mage,multiple,667
cb6aVy4NDKAnLr3J,2025-03-26 Wed,televisions,37,186549150,dps,priest,shadow,659
hwb4B9Afxn7F3gWm,2025-07-14 Mon,rizzleton,15,219667865,dps,shaman,elemental,682
xGkZ8HpnyKWrRLg7,2025-05-19 Mon,mægisk,58,189862882,dps,rogue,outlaw,679
NxRd2Xa3ThnmH4AC,2025-06-02 Mon,turbohot,36,193151689,dps,hunter,beastmastery,680
3aTr1CZGbjHwqxmX,2025-04-23 Wed,explorer,15,191511951,dps,paladin,retribution,672
MtdQYP9rX7GhVwga,2025-04-28 Mon,mægisk,44,189862882,dps,rogue,outlaw,671
NydaKxcRtAhBj9D4,2025-03-31 Mon,hobbyalkis,60,188570273,dps,rogue,assassination,661
pFXAZdVQRn1D3Yxy,2025-07-07 Mon,rizzleton,3,219667865,dps,shaman,elemental,681
j9t2WnbC14fTGvY6,2025-07-16 Wed,bigboiples,11,148361229,healer,druid,restoration,680
hwb4B9Afxn7F3gWm,2025-07-14 Mon,turbohot,12,193151689,dps,hunter,marksmanship,684
xL9yRtDvjZK7QTYJ,2025-04-21 Mon,ashyminge,45,190156111,dps,mage,multiple,664
XyFknKqWVBzcP2fM,2025-07-02 Wed,delvur,86,187148477,dps,paladin,retribution,682
BqNcn4Tbk3M8X92f,2025-04-07 Mon,yeviel,114,175140887,healer,paladin,holy,661
BfWcKMdxybL1j9P7,2025-06-09 Mon,jumzo,12,218508076,dps,paladin,retribution,680
pbzGmXQ8cKA3VRYL,2025-05-12 Mon,rizzleton,17,219667865,dps,shaman,elemental,674
pbzGmXQ8cKA3VRYL,2025-05-12 Mon,magicwingers,13,185198826,healer,evoker,preservation,673
rVnDB4fcb9qZAPLv,2025-06-16 Mon,bigboiples,18,148361229,healer,druid,restoration,679
d2LVTkthCvnfKPy7,2025-04-14 Mon,turbohot,9,193151689,dps,hunter,multiple,668
rVnDB4fcb9qZAPLv,2025-06-16 Mon,televisions,14,186549150,dps,priest,shadow,678
WF39LNayZYcjkhwH,2025-05-26 Mon,televisions,66,186549150,dps,priest,shadow,677
9WCTwGtmkvpLVJzx,2025-04-30 Wed,budgetgoku,9,189084733,tank,paladin,protection,670
rVnDB4fcb9qZAPLv,2025-06-16 Mon,mægisk,17,189862882,dps,rogue,outlaw,682
NxRd2Xa3ThnmH4AC,2025-06-02 Mon,unrecorded,46,187383955,dps,mage,arcane,680
RqBF9J8d7jKzpVDM,2025-06-30 Mon,koriekin,8,218980796,dps,druid,balance,679
xL9yRtDvjZK7QTYJ,2025-04-21 Mon,frenzyy,49,211474925,dps,druid,balance,667
pbzGmXQ8cKA3VRYL,2025-05-12 Mon,jumzo,31,218508076,dps,paladin,retribution,672
vyAkKQ9zLWFtGbcN,2025-04-16 Wed,magicwingers,1,185198826,healer,evoker,preservation,666
rVnDB4fcb9qZAPLv,2025-06-16 Mon,magicwingers,1,185198826,dps,evoker,devastation,680
xGkZ8HpnyKWrRLg7,2025-05-19 Mon,rizzleton,1,219667865,dps,shaman,elemental,675
