player_name,raid_name,boss_name,raid_difficulty,total_pulls
sinrrjj,liberation of undermine,vexie and the geargrinders,mythic,1
mirmilitz,liberation of undermine,vexie and the geargrinders,heroic,1
grimgriper,liberation of undermine,one-armed bandit,mythic,48
holydocky,liberation of undermine,rik reverb,mythic,23
spinningyiff,liberation of undermine,cauldron of carnage,mythic,1
oberoni,liberation of undermine,vexie and the geargrinders,heroic,1
turbohot,liberation of undermine,vexie and the geargrinders,heroic,21
turbohot,liberation of undermine,chrome king gallywix,mythic,296
jordanpriest,liberation of undermine,"mug'zee, heads of security",heroic,2
evereld,liberation of undermine,sprocketmonger lockenstock,mythic,245
dibby,liberation of undermine,vexie and the geargrinders,heroic,1
mægisk,liberation of undermine,cauldron of carnage,mythic,31
vengaboysfan,liberation of undermine,chrome king gallywix,heroic,1
vengaboysfan,liberation of undermine,cauldron of carnage,mythic,2
gordog,liberation of undermine,rik reverb,mythic,2
rizzleton,liberation of undermine,sprocketmonger lockenstock,heroic,6
budgetgoku,liberation of undermine,stix bunkjunker,heroic,3
ashyminge,liberation of undermine,sprocketmonger lockenstock,heroic,6
swannie,liberation of undermine,vexie and the geargrinders,heroic,3
benshammy,liberation of undermine,cauldron of carnage,heroic,1
gnomerouge,liberation of undermine,vexie and the geargrinders,heroic,1
benshammy,liberation of undermine,rik reverb,mythic,2
enjiie,liberation of undermine,sprocketmonger lockenstock,heroic,6
stwrithe,liberation of undermine,chrome king gallywix,heroic,4
hobbyalkis,liberation of undermine,chrome king gallywix,heroic,42
sillyguy,liberation of undermine,cauldron of carnage,mythic,4
slaybelle,liberation of undermine,cauldron of carnage,mythic,1
chokebo,liberation of undermine,cauldron of carnage,mythic,1
kevi,liberation of undermine,chrome king gallywix,heroic,2
turbohot,liberation of undermine,sprocketmonger lockenstock,mythic,245
маамен,liberation of undermine,vexie and the geargrinders,heroic,2
willowwisp,liberation of undermine,vexie and the geargrinders,heroic,17
pepista,liberation of undermine,"mug'zee, heads of security",mythic,50
hoppsy,liberation of undermine,cauldron of carnage,mythic,1
thebigstone,liberation of undermine,one-armed bandit,mythic,48
gemmers,liberation of undermine,cauldron of carnage,mythic,1
willowwisp,liberation of undermine,cauldron of carnage,heroic,3
incila,liberation of undermine,vexie and the geargrinders,heroic,1
furioshar,liberation of undermine,one-armed bandit,heroic,2
talp,liberation of undermine,"mug'zee, heads of security",mythic,6
lenus,liberation of undermine,vexie and the geargrinders,heroic,19
bergmanlover,liberation of undermine,"mug'zee, heads of security",heroic,1
neutralized,liberation of undermine,rik reverb,mythic,2
alexmae,liberation of undermine,cauldron of carnage,mythic,2
smonkste,liberation of undermine,one-armed bandit,heroic,2
bigboiples,liberation of undermine,rik reverb,heroic,5
larssonadin,liberation of undermine,stix bunkjunker,heroic,1
ashyminge,liberation of undermine,chrome king gallywix,mythic,296
vinewhip,liberation of undermine,rik reverb,mythic,2
gici,liberation of undermine,vexie and the geargrinders,mythic,3
herjaul,liberation of undermine,chrome king gallywix,heroic,2
ashyminge,liberation of undermine,chrome king gallywix,heroic,41
wanchan,liberation of undermine,rik reverb,heroic,5
roropriest,liberation of undermine,one-armed bandit,heroic,12
cówbustíon,liberation of undermine,"mug'zee, heads of security",mythic,6
chinabox,liberation of undermine,"mug'zee, heads of security",mythic,6
enjiie,liberation of undermine,stix bunkjunker,heroic,3
gnomerouge,liberation of undermine,one-armed bandit,heroic,2
hoppsy,liberation of undermine,one-armed bandit,heroic,1
turbohot,liberation of undermine,cauldron of carnage,mythic,39
frenzyy,liberation of undermine,vexie and the geargrinders,mythic,2
gordog,liberation of undermine,chrome king gallywix,heroic,1
herjaul,liberation of undermine,vexie and the geargrinders,mythic,2
ollieyay,liberation of undermine,rik reverb,heroic,5
ollieyay,liberation of undermine,sprocketmonger lockenstock,heroic,6
enarya,liberation of undermine,cauldron of carnage,mythic,1
furiamonk,liberation of undermine,vexie and the geargrinders,heroic,2
turbohot,liberation of undermine,one-armed bandit,heroic,28
shadowxmorn,liberation of undermine,chrome king gallywix,heroic,1
televisions,liberation of undermine,sprocketmonger lockenstock,heroic,6
drottmonk,liberation of undermine,vexie and the geargrinders,heroic,2
mignottàuren,liberation of undermine,sprocketmonger lockenstock,mythic,22
kalowar,liberation of undermine,chrome king gallywix,heroic,1
shanaiya,liberation of undermine,rik reverb,heroic,1
mashin,liberation of undermine,"mug'zee, heads of security",heroic,2
mirmilitz,liberation of undermine,"mug'zee, heads of security",heroic,1
hobbyalkis,liberation of undermine,stix bunkjunker,mythic,96
iustitiæ,liberation of undermine,cauldron of carnage,heroic,3
larssonoker,liberation of undermine,vexie and the geargrinders,mythic,2
sillyguy,liberation of undermine,sprocketmonger lockenstock,heroic,1
synrae,liberation of undermine,vexie and the geargrinders,heroic,2
lobster,liberation of undermine,chrome king gallywix,heroic,3
gazapatesi,liberation of undermine,vexie and the geargrinders,heroic,2
kevi,liberation of undermine,one-armed bandit,heroic,2
ketapret,liberation of undermine,chrome king gallywix,heroic,2
vengaboysfan,liberation of undermine,stix bunkjunker,mythic,11
bakatoxo,liberation of undermine,chrome king gallywix,heroic,3
magicwingers,liberation of undermine,one-armed bandit,mythic,172
lenus,liberation of undermine,sprocketmonger lockenstock,heroic,6
kalowar,liberation of undermine,cauldron of carnage,mythic,1
apocryphâ,liberation of undermine,one-armed bandit,heroic,1
bpd,liberation of undermine,cauldron of carnage,heroic,3
pepista,liberation of undermine,chrome king gallywix,heroic,2
kalowar,liberation of undermine,"mug'zee, heads of security",heroic,1
oberoni,liberation of undermine,"mug'zee, heads of security",heroic,1
swannie,liberation of undermine,vexie and the geargrinders,mythic,6
bensmonk,liberation of undermine,"mug'zee, heads of security",heroic,20
emypriest,liberation of undermine,"mug'zee, heads of security",heroic,2
snorrelax,liberation of undermine,stix bunkjunker,mythic,9
parababasii,liberation of undermine,one-armed bandit,heroic,1
krepowl,liberation of undermine,rik reverb,mythic,2
snorrelax,liberation of undermine,one-armed bandit,heroic,1
budgetgoku,liberation of undermine,rik reverb,mythic,53
yearning,liberation of undermine,cauldron of carnage,mythic,35
rzoc,liberation of undermine,stix bunkjunker,mythic,11
mægisk,liberation of undermine,stix bunkjunker,heroic,3
henle,liberation of undermine,"mug'zee, heads of security",heroic,1
herjaul,liberation of undermine,cauldron of carnage,mythic,2
gordog,liberation of undermine,vexie and the geargrinders,heroic,1
garajamal,liberation of undermine,"mug'zee, heads of security",heroic,2
profesorpapi,liberation of undermine,vexie and the geargrinders,heroic,4
maddisonsian,liberation of undermine,rik reverb,heroic,1
heliuos,liberation of undermine,rik reverb,mythic,23
larssonadin,liberation of undermine,rik reverb,heroic,2
eroth,liberation of undermine,sprocketmonger lockenstock,mythic,52
bigboiples,liberation of undermine,stix bunkjunker,mythic,76
vinewhip,liberation of undermine,cauldron of carnage,mythic,2
explorer,liberation of undermine,cauldron of carnage,mythic,39
alexmae,liberation of undermine,vexie and the geargrinders,heroic,2
gazapatesi,liberation of undermine,"mug'zee, heads of security",mythic,50
budgetgoku,liberation of undermine,"mug'zee, heads of security",heroic,38
alcina,liberation of undermine,cauldron of carnage,mythic,1
yashopal,liberation of undermine,"mug'zee, heads of security",heroic,1
lenus,liberation of undermine,rik reverb,mythic,57
enarya,liberation of undermine,vexie and the geargrinders,heroic,1
anastase,liberation of undermine,one-armed bandit,mythic,48
willowwisp,liberation of undermine,chrome king gallywix,heroic,40
vinewhip,liberation of undermine,one-armed bandit,heroic,1
ashyminge,liberation of undermine,one-armed bandit,mythic,124
monstercow,liberation of undermine,chrome king gallywix,heroic,2
televisions,liberation of undermine,"mug'zee, heads of security",heroic,42
wanchan,liberation of undermine,vexie and the geargrinders,heroic,21
fortythree,liberation of undermine,vexie and the geargrinders,heroic,4
drottmonk,liberation of undermine,"mug'zee, heads of security",mythic,50
budgetgoku,liberation of undermine,one-armed bandit,mythic,172
bamoo,liberation of undermine,chrome king gallywix,heroic,7
larssonoker,liberation of undermine,"mug'zee, heads of security",heroic,1
yeviel,liberation of undermine,stix bunkjunker,mythic,78
slaybelle,liberation of undermine,vexie and the geargrinders,mythic,1
uglymilf,liberation of undermine,"mug'zee, heads of security",mythic,6
rabïd,liberation of undermine,one-armed bandit,heroic,2
shalash,liberation of undermine,"mug'zee, heads of security",heroic,2
oceanblvd,liberation of undermine,vexie and the geargrinders,heroic,1
alexmae,liberation of undermine,vexie and the geargrinders,mythic,2
naomivoke,liberation of undermine,vexie and the geargrinders,heroic,5
koriekin,liberation of undermine,sprocketmonger lockenstock,mythic,74
bamoo,liberation of undermine,cauldron of carnage,heroic,1
glizzyrider,liberation of undermine,chrome king gallywix,heroic,2
smonkste,liberation of undermine,vexie and the geargrinders,mythic,6
shalash,liberation of undermine,"mug'zee, heads of security",mythic,50
dankdemonh,liberation of undermine,vexie and the geargrinders,heroic,2
yeviel,liberation of undermine,sprocketmonger lockenstock,heroic,3
apocryphâ,liberation of undermine,"mug'zee, heads of security",heroic,1
shanaiya,liberation of undermine,sprocketmonger lockenstock,heroic,1
explorer,liberation of undermine,one-armed bandit,mythic,172
mignottàuren,liberation of undermine,"mug'zee, heads of security",heroic,2
mægisk,liberation of undermine,vexie and the geargrinders,mythic,21
mâiâr,liberation of undermine,chrome king gallywix,heroic,2
incila,liberation of undermine,vexie and the geargrinders,mythic,1
chouafa,liberation of undermine,sprocketmonger lockenstock,heroic,1
vinewhip,liberation of undermine,chrome king gallywix,heroic,1
draezsham,liberation of undermine,"mug'zee, heads of security",heroic,2
evereld,liberation of undermine,chrome king gallywix,mythic,200
guolldan,liberation of undermine,chrome king gallywix,heroic,1
macbaa,liberation of undermine,sprocketmonger lockenstock,mythic,52
chokebo,liberation of undermine,"mug'zee, heads of security",heroic,1
mægisk,liberation of undermine,sprocketmonger lockenstock,heroic,6
budgetgoku,liberation of undermine,vexie and the geargrinders,mythic,20
roropriest,liberation of undermine,stix bunkjunker,heroic,3
mægisk,liberation of undermine,chrome king gallywix,mythic,296
dibby,liberation of undermine,sprocketmonger lockenstock,heroic,1
bamoo,liberation of undermine,vexie and the geargrinders,heroic,1
spinningyiff,liberation of undermine,chrome king gallywix,heroic,1
bigboiples,liberation of undermine,"mug'zee, heads of security",heroic,40
lenus,liberation of undermine,one-armed bandit,heroic,26
drottmonk,liberation of undermine,chrome king gallywix,heroic,2
budgetgoku,liberation of undermine,stix bunkjunker,mythic,67
parababasii,liberation of undermine,vexie and the geargrinders,mythic,1
mâiâr,liberation of undermine,"mug'zee, heads of security",heroic,2
swannie,liberation of undermine,one-armed bandit,heroic,12
evereld,liberation of undermine,rik reverb,mythic,34
lenus,liberation of undermine,stix bunkjunker,heroic,3
aivfive,liberation of undermine,chrome king gallywix,heroic,2
profesorpapi,liberation of undermine,sprocketmonger lockenstock,mythic,22
welshwonda,liberation of undermine,"mug'zee, heads of security",mythic,6
vinewhip,liberation of undermine,"mug'zee, heads of security",heroic,1
hobbyalkis,liberation of undermine,sprocketmonger lockenstock,heroic,5
chouafa,liberation of undermine,chrome king gallywix,heroic,3
tk,liberation of undermine,one-armed bandit,heroic,2
bensmonk,liberation of undermine,chrome king gallywix,heroic,7
enjiie,liberation of undermine,one-armed bandit,heroic,27
gazapatesi,liberation of undermine,chrome king gallywix,heroic,2
jumzo,liberation of undermine,cauldron of carnage,mythic,37
ollieyay,liberation of undermine,one-armed bandit,heroic,19
yeviel,liberation of undermine,one-armed bandit,heroic,10
aivfive,liberation of undermine,one-armed bandit,mythic,48
rundervink,liberation of undermine,rik reverb,mythic,9
jordanpriest,liberation of undermine,vexie and the geargrinders,heroic,2
hobbyalkis,liberation of undermine,sprocketmonger lockenstock,mythic,211
jumzo,liberation of undermine,chrome king gallywix,heroic,45
jumzo,liberation of undermine,cauldron of carnage,heroic,3
rizzleton,liberation of undermine,one-armed bandit,mythic,172
yashopal,liberation of undermine,vexie and the geargrinders,mythic,2
rzoc,liberation of undermine,chrome king gallywix,heroic,1
aodmage,liberation of undermine,sprocketmonger lockenstock,mythic,52
benshammy,liberation of undermine,vexie and the geargrinders,heroic,2
synrae,liberation of undermine,"mug'zee, heads of security",heroic,2
mægisk,liberation of undermine,one-armed bandit,mythic,172
purovolitis,liberation of undermine,one-armed bandit,heroic,2
asenae,liberation of undermine,"mug'zee, heads of security",heroic,1
emypriest,liberation of undermine,chrome king gallywix,heroic,2
gråphic,liberation of undermine,stix bunkjunker,mythic,11
enjiie,liberation of undermine,"mug'zee, heads of security",heroic,41
glizzyrider,liberation of undermine,"mug'zee, heads of security",heroic,14
explorer,liberation of undermine,rik reverb,heroic,5
hoppsy,liberation of undermine,stix bunkjunker,mythic,9
smonkste,liberation of undermine,sprocketmonger lockenstock,heroic,2
evereld,liberation of undermine,stix bunkjunker,mythic,112
incila,liberation of undermine,stix bunkjunker,mythic,9
tikerr,liberation of undermine,one-armed bandit,heroic,2
coreydlr,liberation of undermine,one-armed bandit,heroic,1
yashopal,liberation of undermine,sprocketmonger lockenstock,heroic,1
lenus,liberation of undermine,vexie and the geargrinders,mythic,21
irni,liberation of undermine,vexie and the geargrinders,heroic,2
brraga,liberation of undermine,one-armed bandit,heroic,9
gici,liberation of undermine,cauldron of carnage,mythic,2
vitiblast,liberation of undermine,cauldron of carnage,mythic,4
sassaki,liberation of undermine,one-armed bandit,heroic,2
gazapatesi,liberation of undermine,one-armed bandit,heroic,2
unrecorded,liberation of undermine,one-armed bandit,mythic,86
anastase,liberation of undermine,one-armed bandit,heroic,2
маамен,liberation of undermine,"mug'zee, heads of security",heroic,2
aenry,liberation of undermine,"mug'zee, heads of security",heroic,2
aenry,liberation of undermine,cauldron of carnage,mythic,2
ketapret,liberation of undermine,vexie and the geargrinders,heroic,2
cherven,liberation of undermine,vexie and the geargrinders,mythic,8
frenzyy,liberation of undermine,rik reverb,mythic,12
wanchan,liberation of undermine,sprocketmonger lockenstock,mythic,245
yearning,liberation of undermine,stix bunkjunker,mythic,22
neferhammer,liberation of undermine,"mug'zee, heads of security",mythic,6
bigboiples,liberation of undermine,stix bunkjunker,heroic,3
fraumüller,liberation of undermine,one-armed bandit,heroic,9
deadonkillz,liberation of undermine,vexie and the geargrinders,heroic,4
glizzyrider,liberation of undermine,vexie and the geargrinders,heroic,2
shadowxmorn,liberation of undermine,vexie and the geargrinders,heroic,1
unrecorded,liberation of undermine,stix bunkjunker,mythic,43
olavets,liberation of undermine,"mug'zee, heads of security",heroic,12
magicwingers,liberation of undermine,cauldron of carnage,mythic,39
tk,liberation of undermine,chrome king gallywix,heroic,2
oceanblvd,liberation of undermine,stix bunkjunker,mythic,11
morphutz,liberation of undermine,"mug'zee, heads of security",mythic,54
ashyminge,liberation of undermine,vexie and the geargrinders,heroic,14
lobster,liberation of undermine,rik reverb,mythic,9
parababasii,liberation of undermine,vexie and the geargrinders,heroic,1
mirmilitz,liberation of undermine,chrome king gallywix,heroic,1
benspala,liberation of undermine,chrome king gallywix,mythic,96
furiamonk,liberation of undermine,cauldron of carnage,heroic,2
herjaul,liberation of undermine,"mug'zee, heads of security",heroic,2
cherven,liberation of undermine,vexie and the geargrinders,heroic,11
turbohot,liberation of undermine,vexie and the geargrinders,mythic,21
turbohot,liberation of undermine,one-armed bandit,mythic,172
rizzleton,liberation of undermine,chrome king gallywix,heroic,46
cutefist,liberation of undermine,cauldron of carnage,mythic,38
cutefist,liberation of undermine,rik reverb,heroic,5
ashyminge,liberation of undermine,stix bunkjunker,heroic,3
amnotgoblin,liberation of undermine,chrome king gallywix,heroic,2
yeviel,liberation of undermine,"mug'zee, heads of security",mythic,122
dimono,liberation of undermine,chrome king gallywix,heroic,3
cutefist,liberation of undermine,sprocketmonger lockenstock,mythic,245
ketapret,liberation of undermine,one-armed bandit,heroic,2
rizzleton,liberation of undermine,vexie and the geargrinders,heroic,21
televisions,liberation of undermine,cauldron of carnage,heroic,3
dangermouse,liberation of undermine,vexie and the geargrinders,heroic,1
ashyminge,liberation of undermine,one-armed bandit,heroic,22
irni,liberation of undermine,one-armed bandit,heroic,2
smonkste,liberation of undermine,chrome king gallywix,heroic,16
magicwingers,liberation of undermine,sprocketmonger lockenstock,mythic,245
sillyguy,liberation of undermine,chrome king gallywix,heroic,3
turbohot,liberation of undermine,sprocketmonger lockenstock,heroic,6
larssonadin,liberation of undermine,cauldron of carnage,heroic,1
dankdemonh,liberation of undermine,"mug'zee, heads of security",heroic,2
attentive,liberation of undermine,stix bunkjunker,mythic,8
таристаз,liberation of undermine,vexie and the geargrinders,heroic,2
garajamal,liberation of undermine,one-armed bandit,mythic,48
rizzleton,liberation of undermine,"mug'zee, heads of security",heroic,42
willowwisp,liberation of undermine,one-armed bandit,heroic,24
lehvin,liberation of undermine,one-armed bandit,heroic,1
katasari,liberation of undermine,"mug'zee, heads of security",mythic,54
yearning,liberation of undermine,"mug'zee, heads of security",heroic,35
iustitiæ,liberation of undermine,rik reverb,mythic,57
coreydlr,liberation of undermine,chrome king gallywix,heroic,1
rundervink,liberation of undermine,vexie and the geargrinders,heroic,1
burikhu,liberation of undermine,"mug'zee, heads of security",mythic,6
tk,liberation of undermine,vexie and the geargrinders,heroic,4
deadonkillz,liberation of undermine,chrome king gallywix,heroic,2
legoman,liberation of undermine,"mug'zee, heads of security",heroic,2
nahuêl,liberation of undermine,vexie and the geargrinders,heroic,2
tikerr,liberation of undermine,chrome king gallywix,heroic,2
pattern,liberation of undermine,chrome king gallywix,mythic,296
glizzyrider,liberation of undermine,"mug'zee, heads of security",mythic,112
brraga,liberation of undermine,"mug'zee, heads of security",heroic,12
herjaul,liberation of undermine,one-armed bandit,heroic,2
ragwaen,liberation of undermine,"mug'zee, heads of security",mythic,60
bamoo,liberation of undermine,rik reverb,heroic,2
rayook,liberation of undermine,chrome king gallywix,heroic,2
alexmae,liberation of undermine,one-armed bandit,heroic,2
sinrrjj,liberation of undermine,stix bunkjunker,mythic,9
togecurse,liberation of undermine,"mug'zee, heads of security",mythic,54
yeviel,liberation of undermine,sprocketmonger lockenstock,mythic,56
profesorpapi,liberation of undermine,chrome king gallywix,heroic,2
explorer,liberation of undermine,vexie and the geargrinders,mythic,21
pitousama,liberation of undermine,"mug'zee, heads of security",mythic,54
xxdownfall,liberation of undermine,"mug'zee, heads of security",mythic,6
gordog,liberation of undermine,vexie and the geargrinders,mythic,3
iustitiæ,liberation of undermine,sprocketmonger lockenstock,mythic,245
guolldan,liberation of undermine,cauldron of carnage,mythic,1
ashyminge,liberation of undermine,sprocketmonger lockenstock,mythic,171
benshammy,liberation of undermine,chrome king gallywix,heroic,8
allandmore,liberation of undermine,"mug'zee, heads of security",mythic,6
wanchan,liberation of undermine,sprocketmonger lockenstock,heroic,6
larssonadin,liberation of undermine,one-armed bandit,heroic,10
mashin,liberation of undermine,chrome king gallywix,heroic,4
hesoyâm,liberation of undermine,one-armed bandit,mythic,48
amnotgoblin,liberation of undermine,one-armed bandit,mythic,48
naomivoke,liberation of undermine,cauldron of carnage,mythic,1
televisions,liberation of undermine,one-armed bandit,heroic,28
miravelle,liberation of undermine,"mug'zee, heads of security",mythic,6
anastase,liberation of undermine,chrome king gallywix,heroic,2
emypriest,liberation of undermine,vexie and the geargrinders,heroic,2
júls,liberation of undermine,"mug'zee, heads of security",mythic,6
periodpain,liberation of undermine,cauldron of carnage,mythic,4
ashyminge,liberation of undermine,vexie and the geargrinders,mythic,21
iustitiæ,liberation of undermine,stix bunkjunker,heroic,3
rilot,liberation of undermine,vexie and the geargrinders,heroic,2
periodpain,liberation of undermine,rik reverb,mythic,9
dankdemonh,liberation of undermine,"mug'zee, heads of security",mythic,50
benspala,liberation of undermine,"mug'zee, heads of security",heroic,12
lamuertè,liberation of undermine,"mug'zee, heads of security",mythic,54
xaelrahk,liberation of undermine,"mug'zee, heads of security",mythic,6
stwrithe,liberation of undermine,"mug'zee, heads of security",heroic,4
jumzo,liberation of undermine,one-armed bandit,mythic,172
lehvin,liberation of undermine,"mug'zee, heads of security",heroic,1
drottmonk,liberation of undermine,"mug'zee, heads of security",heroic,2
yearning,liberation of undermine,chrome king gallywix,mythic,296
mægisk,liberation of undermine,chrome king gallywix,heroic,46
cutefist,liberation of undermine,cauldron of carnage,heroic,3
shadowxmorn,liberation of undermine,cauldron of carnage,mythic,2
televisions,liberation of undermine,vexie and the geargrinders,mythic,21
budgetgoku,liberation of undermine,"mug'zee, heads of security",mythic,402
bakatoxo,liberation of undermine,sprocketmonger lockenstock,heroic,1
rabïd,liberation of undermine,sprocketmonger lockenstock,mythic,22
koriekin,liberation of undermine,chrome king gallywix,mythic,296
wanchan,liberation of undermine,one-armed bandit,mythic,172
unrecorded,liberation of undermine,chrome king gallywix,heroic,18
rundervink,liberation of undermine,vexie and the geargrinders,mythic,2
roropriest,liberation of undermine,chrome king gallywix,heroic,23
swannie,liberation of undermine,rik reverb,heroic,4
oceanblvd,liberation of undermine,chrome king gallywix,heroic,1
swannie,liberation of undermine,cauldron of carnage,mythic,8
bamoo,liberation of undermine,sprocketmonger lockenstock,heroic,3
neutralized,liberation of undermine,"mug'zee, heads of security",mythic,50
gemmers,liberation of undermine,chrome king gallywix,heroic,1
explorer,liberation of undermine,vexie and the geargrinders,heroic,21
incila,liberation of undermine,one-armed bandit,heroic,1
bigboiples,liberation of undermine,one-armed bandit,mythic,86
hobbyalkis,liberation of undermine,one-armed bandit,heroic,27
coreydlr,liberation of undermine,vexie and the geargrinders,heroic,1
nocturaia,liberation of undermine,"mug'zee, heads of security",mythic,54
brraga,liberation of undermine,sprocketmonger lockenstock,heroic,2
sassaki,liberation of undermine,vexie and the geargrinders,heroic,2
gråphic,liberation of undermine,chrome king gallywix,heroic,1
asenae,liberation of undermine,cauldron of carnage,mythic,4
tk,liberation of undermine,sprocketmonger lockenstock,mythic,22
kranar,liberation of undermine,chrome king gallywix,heroic,1
unrecorded,liberation of undermine,vexie and the geargrinders,mythic,5
rabïd,liberation of undermine,"mug'zee, heads of security",heroic,2
ollieyay,liberation of undermine,vexie and the geargrinders,heroic,10
stalkyard,liberation of undermine,"mug'zee, heads of security",mythic,60
bensmonk,liberation of undermine,one-armed bandit,heroic,10
latomevo,liberation of undermine,chrome king gallywix,mythic,60
magicwingers,liberation of undermine,vexie and the geargrinders,mythic,21
turbohot,liberation of undermine,"mug'zee, heads of security",mythic,334
yevie,liberation of undermine,stix bunkjunker,heroic,1
twinkletoe,liberation of undermine,"mug'zee, heads of security",mythic,6
chokebo,liberation of undermine,one-armed bandit,heroic,2
jordanpriest,liberation of undermine,"mug'zee, heads of security",mythic,50
gnomerouge,liberation of undermine,cauldron of carnage,mythic,1
wärhok,liberation of undermine,one-armed bandit,mythic,48
fraumüller,liberation of undermine,"mug'zee, heads of security",heroic,12
irîs,liberation of undermine,one-armed bandit,heroic,1
slaybelle,liberation of undermine,"mug'zee, heads of security",heroic,1
vengaboysfan,liberation of undermine,vexie and the geargrinders,mythic,3
sillyguy,liberation of undermine,rik reverb,mythic,9
evereld,liberation of undermine,one-armed bandit,heroic,16
aenry,liberation of undermine,stix bunkjunker,mythic,26
yearning,liberation of undermine,cauldron of carnage,heroic,3
itsashameman,liberation of undermine,"mug'zee, heads of security",mythic,6
atomvoker,liberation of undermine,cauldron of carnage,mythic,1
sillyguy,liberation of undermine,rik reverb,heroic,1
vengaboysfan,liberation of undermine,rik reverb,mythic,2
unrecorded,liberation of undermine,vexie and the geargrinders,heroic,15
sillyguy,liberation of undermine,vexie and the geargrinders,heroic,1
enarya,liberation of undermine,chrome king gallywix,heroic,4
irni,liberation of undermine,chrome king gallywix,heroic,2
mergen,liberation of undermine,sprocketmonger lockenstock,mythic,52
henle,liberation of undermine,stix bunkjunker,mythic,9
kevi,liberation of undermine,sprocketmonger lockenstock,mythic,22
incila,liberation of undermine,chrome king gallywix,heroic,4
frenzyy,liberation of undermine,sprocketmonger lockenstock,mythic,34
hungbelf,liberation of undermine,rik reverb,mythic,9
iustitiæ,liberation of undermine,one-armed bandit,mythic,134
thornic,liberation of undermine,one-armed bandit,heroic,2
tapole,liberation of undermine,one-armed bandit,heroic,9
tikerr,liberation of undermine,sprocketmonger lockenstock,mythic,22
hungbelf,liberation of undermine,chrome king gallywix,heroic,3
monstercow,liberation of undermine,vexie and the geargrinders,heroic,2
purovolitis,liberation of undermine,chrome king gallywix,heroic,2
dibby,liberation of undermine,rik reverb,mythic,9
jumzo,liberation of undermine,stix bunkjunker,mythic,96
explorer,liberation of undermine,chrome king gallywix,heroic,46
iustitiæ,liberation of undermine,"mug'zee, heads of security",mythic,112
bpd,liberation of undermine,sprocketmonger lockenstock,mythic,161
explorer,liberation of undermine,"mug'zee, heads of security",heroic,42
enjiie,liberation of undermine,cauldron of carnage,heroic,3
таристаз,liberation of undermine,one-armed bandit,heroic,2
snorrelax,liberation of undermine,"mug'zee, heads of security",heroic,1
henle,liberation of undermine,vexie and the geargrinders,heroic,1
ashyminge,liberation of undermine,cauldron of carnage,heroic,3
magicwingers,liberation of undermine,sprocketmonger lockenstock,heroic,6
furioshar,liberation of undermine,chrome king gallywix,heroic,2
rizzleton,liberation of undermine,rik reverb,mythic,57
aenry,liberation of undermine,vexie and the geargrinders,heroic,2
rzoc,liberation of undermine,one-armed bandit,heroic,1
apocryphâ,liberation of undermine,chrome king gallywix,heroic,1
parababasii,liberation of undermine,"mug'zee, heads of security",heroic,1
krepowl,liberation of undermine,vexie and the geargrinders,mythic,3
aenry,liberation of undermine,vexie and the geargrinders,mythic,2
periodpain,liberation of undermine,chrome king gallywix,heroic,3
unrecorded,liberation of undermine,"mug'zee, heads of security",mythic,342
naomivoke,liberation of undermine,one-armed bandit,heroic,4
aivfive,liberation of undermine,"mug'zee, heads of security",heroic,2
smonkste,liberation of undermine,rik reverb,heroic,2
fawvkes,liberation of undermine,"mug'zee, heads of security",mythic,6
pattern,liberation of undermine,chrome king gallywix,heroic,4
yaavi,liberation of undermine,cauldron of carnage,mythic,1
bergmanlover,liberation of undermine,one-armed bandit,heroic,1
hungbelf,liberation of undermine,rik reverb,heroic,1
shadowxmorn,liberation of undermine,"mug'zee, heads of security",heroic,1
budgetgoku,liberation of undermine,cauldron of carnage,mythic,37
gnomerouge,liberation of undermine,chrome king gallywix,heroic,1
enjiie,liberation of undermine,sprocketmonger lockenstock,mythic,245
wanchan,liberation of undermine,one-armed bandit,heroic,28
lenus,liberation of undermine,one-armed bandit,mythic,38
inago,liberation of undermine,"mug'zee, heads of security",mythic,54
explorer,liberation of undermine,sprocketmonger lockenstock,heroic,6
yeviel,liberation of undermine,cauldron of carnage,mythic,16
yashopal,liberation of undermine,rik reverb,heroic,1
periodpain,liberation of undermine,"mug'zee, heads of security",heroic,1
iustitiæ,liberation of undermine,chrome king gallywix,heroic,44
kevi,liberation of undermine,vexie and the geargrinders,heroic,4
karthos,liberation of undermine,"mug'zee, heads of security",mythic,54
yevie,liberation of undermine,sprocketmonger lockenstock,heroic,3
shanaiya,liberation of undermine,rik reverb,mythic,9
legoman,liberation of undermine,vexie and the geargrinders,heroic,2
larssonoker,liberation of undermine,rik reverb,heroic,1
snorrelax,liberation of undermine,rik reverb,mythic,4
vitiblast,liberation of undermine,sprocketmonger lockenstock,heroic,1
profesorpapi,liberation of undermine,one-armed bandit,heroic,2
hesoyâm,liberation of undermine,chrome king gallywix,heroic,2
vitiblast,liberation of undermine,rik reverb,mythic,9
slarken,liberation of undermine,"mug'zee, heads of security",mythic,6
drottmonk,liberation of undermine,one-armed bandit,heroic,2
irîs,liberation of undermine,"mug'zee, heads of security",heroic,1
mægisk,liberation of undermine,stix bunkjunker,mythic,112
ashyminge,liberation of undermine,rik reverb,heroic,5
thamoose,liberation of undermine,one-armed bandit,heroic,2
monsterdruid,liberation of undermine,"mug'zee, heads of security",mythic,6
gici,liberation of undermine,stix bunkjunker,mythic,11
willowwisp,liberation of undermine,"mug'zee, heads of security",heroic,38
bensmonk,liberation of undermine,stix bunkjunker,heroic,1
маамен,liberation of undermine,chrome king gallywix,heroic,2
irhuntar,liberation of undermine,"mug'zee, heads of security",mythic,6
thamoose,liberation of undermine,"mug'zee, heads of security",heroic,2
yevie,liberation of undermine,one-armed bandit,heroic,10
lenus,liberation of undermine,"mug'zee, heads of security",heroic,40
apocryphâ,liberation of undermine,stix bunkjunker,mythic,11
gnomerouge,liberation of undermine,"mug'zee, heads of security",heroic,1
pattern,liberation of undermine,one-armed bandit,heroic,4
clawzx,liberation of undermine,sprocketmonger lockenstock,mythic,22
fortythree,liberation of undermine,sprocketmonger lockenstock,mythic,22
cripz,liberation of undermine,"mug'zee, heads of security",mythic,6
asenae,liberation of undermine,chrome king gallywix,heroic,3
alcina,liberation of undermine,rik reverb,mythic,4
gordog,liberation of undermine,stix bunkjunker,mythic,11
yashopal,liberation of undermine,cauldron of carnage,mythic,4
shyndryl,liberation of undermine,"mug'zee, heads of security",mythic,54
krepowl,liberation of undermine,"mug'zee, heads of security",heroic,1
krepowl,liberation of undermine,cauldron of carnage,mythic,2
asenae,liberation of undermine,vexie and the geargrinders,heroic,1
roropriest,liberation of undermine,"mug'zee, heads of security",heroic,26
boffel,liberation of undermine,"mug'zee, heads of security",mythic,54
enarya,liberation of undermine,"mug'zee, heads of security",heroic,1
televisions,liberation of undermine,stix bunkjunker,heroic,3
thamoose,liberation of undermine,vexie and the geargrinders,heroic,2
anastase,liberation of undermine,vexie and the geargrinders,heroic,2
gici,liberation of undermine,chrome king gallywix,heroic,1
brickyd,liberation of undermine,chrome king gallywix,mythic,296
larssonadin,liberation of undermine,"mug'zee, heads of security",heroic,20
evereld,liberation of undermine,"mug'zee, heads of security",mythic,230
mægisk,liberation of undermine,rik reverb,heroic,5
bpd,liberation of undermine,rik reverb,mythic,51
piperalpha,liberation of undermine,sprocketmonger lockenstock,mythic,52
purovolitis,liberation of undermine,"mug'zee, heads of security",mythic,50
hungbelf,liberation of undermine,vexie and the geargrinders,heroic,1
mirmilitz,liberation of undermine,one-armed bandit,heroic,2
vakkith,liberation of undermine,"mug'zee, heads of security",mythic,54
olavets,liberation of undermine,sprocketmonger lockenstock,heroic,2
swannie,liberation of undermine,sprocketmonger lockenstock,heroic,5
swannie,liberation of undermine,"mug'zee, heads of security",heroic,26
lekkepries,liberation of undermine,chrome king gallywix,heroic,2
slaybelle,liberation of undermine,chrome king gallywix,heroic,4
bensbear,liberation of undermine,one-armed bandit,heroic,7
shadowxmorn,liberation of undermine,stix bunkjunker,mythic,11
periodpain,liberation of undermine,rik reverb,heroic,1
periodpain,liberation of undermine,vexie and the geargrinders,mythic,2
vitiblast,liberation of undermine,vexie and the geargrinders,heroic,1
mâiâr,liberation of undermine,sprocketmonger lockenstock,mythic,22
hesoyâm,liberation of undermine,"mug'zee, heads of security",heroic,2
enjiie,liberation of undermine,vexie and the geargrinders,mythic,18
willowwisp,liberation of undermine,"mug'zee, heads of security",mythic,290
mäciucarul,liberation of undermine,cauldron of carnage,mythic,8
isorsressl,liberation of undermine,one-armed bandit,heroic,2
gråphic,liberation of undermine,one-armed bandit,heroic,1
mignottàuren,liberation of undermine,chrome king gallywix,heroic,2
asenae,liberation of undermine,vexie and the geargrinders,mythic,2
oceanblvd,liberation of undermine,one-armed bandit,heroic,1
bergmanlover,liberation of undermine,vexie and the geargrinders,heroic,1
neutralized,liberation of undermine,stix bunkjunker,mythic,11
hungbelf,liberation of undermine,sprocketmonger lockenstock,heroic,1
mægisk,liberation of undermine,vexie and the geargrinders,heroic,21
magicwingers,liberation of undermine,"mug'zee, heads of security",mythic,402
apocryphâ,liberation of undermine,vexie and the geargrinders,heroic,1
maddisonsian,liberation of undermine,cauldron of carnage,mythic,4
vitiblast,liberation of undermine,"mug'zee, heads of security",heroic,1
dimono,liberation of undermine,rik reverb,mythic,9
smonkste,liberation of undermine,cauldron of carnage,heroic,2
daechirpen,liberation of undermine,"mug'zee, heads of security",mythic,6
emypriest,liberation of undermine,one-armed bandit,heroic,2
rayook,liberation of undermine,one-armed bandit,mythic,48
sassaki,liberation of undermine,"mug'zee, heads of security",heroic,2
ollieyay,liberation of undermine,stix bunkjunker,mythic,70
enjiie,liberation of undermine,rik reverb,mythic,55
yearning,liberation of undermine,"mug'zee, heads of security",mythic,352
herjaul,liberation of undermine,rik reverb,mythic,6
willowwisp,liberation of undermine,stix bunkjunker,heroic,3
turbohot,liberation of undermine,stix bunkjunker,mythic,112
monstercow,liberation of undermine,"mug'zee, heads of security",heroic,2
jumzo,liberation of undermine,one-armed bandit,heroic,27
cutefist,liberation of undermine,vexie and the geargrinders,heroic,16
yearning,liberation of undermine,one-armed bandit,mythic,172
turbohot,liberation of undermine,cauldron of carnage,heroic,3
dangermouse,liberation of undermine,cauldron of carnage,mythic,1
yeviel,liberation of undermine,vexie and the geargrinders,heroic,12
dangermouse,liberation of undermine,one-armed bandit,heroic,2
incila,liberation of undermine,"mug'zee, heads of security",heroic,1
drelord,liberation of undermine,"mug'zee, heads of security",heroic,12
explorer,liberation of undermine,one-armed bandit,heroic,28
yevie,liberation of undermine,vexie and the geargrinders,heroic,1
larssonoker,liberation of undermine,chrome king gallywix,heroic,3
bigboiples,liberation of undermine,vexie and the geargrinders,mythic,21
bpd,liberation of undermine,cauldron of carnage,mythic,37
pepista,liberation of undermine,vexie and the geargrinders,heroic,2
furioshar,liberation of undermine,"mug'zee, heads of security",heroic,2
deadonkillz,liberation of undermine,"mug'zee, heads of security",heroic,2
ollieyay,liberation of undermine,cauldron of carnage,heroic,3
bigboiples,liberation of undermine,sprocketmonger lockenstock,heroic,6
spinningyiff,liberation of undermine,vexie and the geargrinders,heroic,1
hoppsy,liberation of undermine,"mug'zee, heads of security",heroic,1
shrews,liberation of undermine,"mug'zee, heads of security",mythic,54
willowwisp,liberation of undermine,rik reverb,mythic,45
yevie,liberation of undermine,cauldron of carnage,mythic,17
smonkste,liberation of undermine,"mug'zee, heads of security",heroic,6
rundervink,liberation of undermine,rik reverb,heroic,1
cherven,liberation of undermine,rik reverb,mythic,25
enjiie,liberation of undermine,chrome king gallywix,heroic,45
explorer,liberation of undermine,rik reverb,mythic,57
bramblebeef,liberation of undermine,"mug'zee, heads of security",mythic,6
xbehindyouxd,liberation of undermine,"mug'zee, heads of security",mythic,6
lekkepries,liberation of undermine,vexie and the geargrinders,heroic,2
neutralized,liberation of undermine,chrome king gallywix,heroic,3
lehvin,liberation of undermine,cauldron of carnage,mythic,1
evereld,liberation of undermine,vexie and the geargrinders,heroic,18
benshammy,liberation of undermine,vexie and the geargrinders,mythic,3
monstercow,liberation of undermine,cauldron of carnage,mythic,2
kranar,liberation of undermine,one-armed bandit,heroic,2
url,liberation of undermine,"mug'zee, heads of security",mythic,6
yearning,liberation of undermine,stix bunkjunker,heroic,3
wanchan,liberation of undermine,stix bunkjunker,mythic,112
draezsham,liberation of undermine,vexie and the geargrinders,heroic,2
ketapret,liberation of undermine,"mug'zee, heads of security",mythic,50
parababasii,liberation of undermine,chrome king gallywix,heroic,4
hungbelf,liberation of undermine,cauldron of carnage,mythic,4
lehvin,liberation of undermine,vexie and the geargrinders,mythic,1
маамен,liberation of undermine,"mug'zee, heads of security",mythic,50
jumzo,liberation of undermine,chrome king gallywix,mythic,296
alexmae,liberation of undermine,"mug'zee, heads of security",heroic,2
iustitiæ,liberation of undermine,rik reverb,heroic,5
cutefist,liberation of undermine,sprocketmonger lockenstock,heroic,6
amnotgoblin,liberation of undermine,one-armed bandit,heroic,2
kranar,liberation of undermine,vexie and the geargrinders,heroic,1
slaybelle,liberation of undermine,stix bunkjunker,mythic,9
furioshar,liberation of undermine,one-armed bandit,mythic,48
smonkste,liberation of undermine,vexie and the geargrinders,heroic,2
cherven,liberation of undermine,cauldron of carnage,mythic,10
delvur,liberation of undermine,"mug'zee, heads of security",mythic,180
frenzyy,liberation of undermine,stix bunkjunker,mythic,13
bensmonk,liberation of undermine,cauldron of carnage,heroic,1
coreydlr,liberation of undermine,rik reverb,mythic,2
atomvoker,liberation of undermine,vexie and the geargrinders,heroic,1
lenus,liberation of undermine,chrome king gallywix,mythic,296
rabïd,liberation of undermine,vexie and the geargrinders,heroic,4
iustitiæ,liberation of undermine,one-armed bandit,heroic,26
louxoxo,liberation of undermine,"mug'zee, heads of security",mythic,6
bensbear,liberation of undermine,vexie and the geargrinders,heroic,8
alcina,liberation of undermine,stix bunkjunker,mythic,9
furiamonk,liberation of undermine,vexie and the geargrinders,mythic,6
ollieyay,liberation of undermine,stix bunkjunker,heroic,3
yevie,liberation of undermine,"mug'zee, heads of security",heroic,20
rilot,liberation of undermine,chrome king gallywix,heroic,2
enarya,liberation of undermine,stix bunkjunker,mythic,9
gråphic,liberation of undermine,vexie and the geargrinders,mythic,3
jordanpriest,liberation of undermine,one-armed bandit,heroic,2
enjiie,liberation of undermine,vexie and the geargrinders,heroic,20
willowwisp,liberation of undermine,vexie and the geargrinders,mythic,19
furioshar,liberation of undermine,vexie and the geargrinders,heroic,2
neutralized,liberation of undermine,"mug'zee, heads of security",heroic,3
cutefist,liberation of undermine,"mug'zee, heads of security",heroic,37
nahuêl,liberation of undermine,"mug'zee, heads of security",heroic,2
grimgriper,liberation of undermine,one-armed bandit,heroic,2
yaavi,liberation of undermine,one-armed bandit,heroic,2
dankdemonh,liberation of undermine,chrome king gallywix,heroic,2
torrak,liberation of undermine,"mug'zee, heads of security",mythic,6
furiamonk,liberation of undermine,"mug'zee, heads of security",heroic,6
sinrrjj,liberation of undermine,"mug'zee, heads of security",heroic,1
turbohot,liberation of undermine,rik reverb,mythic,57
tapole,liberation of undermine,"mug'zee, heads of security",heroic,12
dil,liberation of undermine,sprocketmonger lockenstock,mythic,52
legoman,liberation of undermine,"mug'zee, heads of security",mythic,50
henle,liberation of undermine,vexie and the geargrinders,mythic,1
bpd,liberation of undermine,vexie and the geargrinders,heroic,9
dimono,liberation of undermine,vexie and the geargrinders,heroic,1
cutefist,liberation of undermine,chrome king gallywix,heroic,38
budgetgoku,liberation of undermine,chrome king gallywix,heroic,39
lenus,liberation of undermine,rik reverb,heroic,5
profesorpapi,liberation of undermine,"mug'zee, heads of security",heroic,2
vinewhip,liberation of undermine,vexie and the geargrinders,mythic,3
bensbear,liberation of undermine,sprocketmonger lockenstock,mythic,101
ashyminge,liberation of undermine,rik reverb,mythic,57
aivfive,liberation of undermine,vexie and the geargrinders,heroic,2
lenus,liberation of undermine,cauldron of carnage,heroic,3
mægisk,liberation of undermine,"mug'zee, heads of security",mythic,402
roropriest,liberation of undermine,vexie and the geargrinders,mythic,6
yeviel,liberation of undermine,chrome king gallywix,mythic,296
furiamonk,liberation of undermine,stix bunkjunker,heroic,2
gici,liberation of undermine,one-armed bandit,heroic,1
cherven,liberation of undermine,stix bunkjunker,mythic,112
tk,liberation of undermine,"mug'zee, heads of security",heroic,2
lehvin,liberation of undermine,vexie and the geargrinders,heroic,1
hobbyalkis,liberation of undermine,vexie and the geargrinders,heroic,19
evereld,liberation of undermine,vexie and the geargrinders,mythic,10
rizzleton,liberation of undermine,cauldron of carnage,heroic,3
koriekin,liberation of undermine,one-armed bandit,heroic,8
vitiblast,liberation of undermine,rik reverb,heroic,1
enjiie,liberation of undermine,chrome king gallywix,mythic,296
synrae,liberation of undermine,one-armed bandit,mythic,48
gici,liberation of undermine,vexie and the geargrinders,heroic,1
mâiâr,liberation of undermine,one-armed bandit,heroic,2
cutefist,liberation of undermine,one-armed bandit,heroic,23
yeviel,liberation of undermine,chrome king gallywix,heroic,29
hobbyalkis,liberation of undermine,vexie and the geargrinders,mythic,16
synrae,liberation of undermine,one-armed bandit,heroic,2
iustitiæ,liberation of undermine,stix bunkjunker,mythic,112
cherven,liberation of undermine,chrome king gallywix,heroic,14
turbohot,liberation of undermine,"mug'zee, heads of security",heroic,42
maddisonsian,liberation of undermine,"mug'zee, heads of security",heroic,1
bpd,liberation of undermine,rik reverb,heroic,5
pattern,liberation of undermine,"mug'zee, heads of security",heroic,4
apocryphâ,liberation of undermine,vexie and the geargrinders,mythic,3
swannie,liberation of undermine,cauldron of carnage,heroic,3
neutralized,liberation of undermine,one-armed bandit,heroic,3
babajoness,liberation of undermine,sprocketmonger lockenstock,mythic,52
spinningyiff,liberation of undermine,one-armed bandit,heroic,2
maddisonsian,liberation of undermine,vexie and the geargrinders,mythic,2
jumzo,liberation of undermine,"mug'zee, heads of security",heroic,41
bakatoxo,liberation of undermine,vexie and the geargrinders,heroic,1
neutralized,liberation of undermine,cauldron of carnage,mythic,2
rzoc,liberation of undermine,cauldron of carnage,mythic,2
bamoo,liberation of undermine,"mug'zee, heads of security",heroic,20
yashopal,liberation of undermine,rik reverb,mythic,9
bergmanlover,liberation of undermine,stix bunkjunker,mythic,11
cherven,liberation of undermine,sprocketmonger lockenstock,mythic,245
explorer,liberation of undermine,sprocketmonger lockenstock,mythic,245
mashin,liberation of undermine,vexie and the geargrinders,mythic,2
snorrelax,liberation of undermine,cauldron of carnage,mythic,1
gordog,liberation of undermine,cauldron of carnage,mythic,2
yeviel,liberation of undermine,cauldron of carnage,heroic,2
larssonadin,liberation of undermine,chrome king gallywix,heroic,7
hobbyalkis,liberation of undermine,"mug'zee, heads of security",heroic,40
enjiie,liberation of undermine,rik reverb,heroic,5
koriekin,liberation of undermine,chrome king gallywix,heroic,8
tikerr,liberation of undermine,vexie and the geargrinders,heroic,4
atomvoker,liberation of undermine,rik reverb,mythic,4
wanchan,liberation of undermine,"mug'zee, heads of security",heroic,42
wanchan,liberation of undermine,vexie and the geargrinders,mythic,21
heliuos,liberation of undermine,cauldron of carnage,mythic,8
irîs,liberation of undermine,chrome king gallywix,heroic,4
anastase,liberation of undermine,"mug'zee, heads of security",heroic,2
zonnetjes,liberation of undermine,sprocketmonger lockenstock,mythic,52
parababasii,liberation of undermine,rik reverb,mythic,4
iustitiæ,liberation of undermine,cauldron of carnage,mythic,39
hobbyalkis,liberation of undermine,rik reverb,heroic,4
vengaboysfan,liberation of undermine,"mug'zee, heads of security",heroic,1
ashyminge,liberation of undermine,"mug'zee, heads of security",mythic,402
incila,liberation of undermine,cauldron of carnage,mythic,1
mêoow,liberation of undermine,rik reverb,heroic,1
mashin,liberation of undermine,vexie and the geargrinders,heroic,2
willowwisp,liberation of undermine,sprocketmonger lockenstock,heroic,6
sassaki,liberation of undermine,"mug'zee, heads of security",mythic,50
dangermouse,liberation of undermine,chrome king gallywix,heroic,1
slaybelle,liberation of undermine,one-armed bandit,heroic,1
rohzak,liberation of undermine,"mug'zee, heads of security",mythic,6
wanchan,liberation of undermine,chrome king gallywix,heroic,46
budgetgoku,liberation of undermine,sprocketmonger lockenstock,heroic,6
jumzo,liberation of undermine,stix bunkjunker,heroic,3
yashopal,liberation of undermine,vexie and the geargrinders,heroic,1
attentive,liberation of undermine,chrome king gallywix,heroic,4
wärhok,liberation of undermine,vexie and the geargrinders,heroic,2
isorsressl,liberation of undermine,"mug'zee, heads of security",heroic,2
retomegalul,liberation of undermine,chrome king gallywix,heroic,2
bigboiples,liberation of undermine,rik reverb,mythic,57
meleron,liberation of undermine,sprocketmonger lockenstock,mythic,52
rizzleton,liberation of undermine,stix bunkjunker,heroic,3
vinewhip,liberation of undermine,vexie and the geargrinders,heroic,1
jumzo,liberation of undermine,sprocketmonger lockenstock,heroic,6
pepista,liberation of undermine,"mug'zee, heads of security",heroic,2
gråphic,liberation of undermine,"mug'zee, heads of security",heroic,1
pattern,liberation of undermine,"mug'zee, heads of security",mythic,402
lightpoluted,liberation of undermine,"mug'zee, heads of security",mythic,6
naomivoke,liberation of undermine,sprocketmonger lockenstock,mythic,22
purovolitis,liberation of undermine,vexie and the geargrinders,heroic,2
thamoose,liberation of undermine,"mug'zee, heads of security",mythic,50
furiamonk,liberation of undermine,one-armed bandit,heroic,2
koriekin,liberation of undermine,one-armed bandit,mythic,172
cutefist,liberation of undermine,stix bunkjunker,mythic,103
monstercow,liberation of undermine,rik reverb,mythic,6
mægisk,liberation of undermine,sprocketmonger lockenstock,mythic,245
lehvin,liberation of undermine,rik reverb,mythic,4
wanchan,liberation of undermine,cauldron of carnage,heroic,3
atomvoker,liberation of undermine,chrome king gallywix,heroic,4
benshammy,liberation of undermine,cauldron of carnage,mythic,2
atomvoker,liberation of undermine,vexie and the geargrinders,mythic,1
lenus,liberation of undermine,"mug'zee, heads of security",mythic,402
magicwingers,liberation of undermine,chrome king gallywix,mythic,296
televisions,liberation of undermine,rik reverb,mythic,57
periodpain,liberation of undermine,vexie and the geargrinders,heroic,1
benshammy,liberation of undermine,one-armed bandit,heroic,2
rzoc,liberation of undermine,vexie and the geargrinders,mythic,3
benshammy,liberation of undermine,sprocketmonger lockenstock,heroic,1
cherven,liberation of undermine,one-armed bandit,heroic,10
cinnamonn,liberation of undermine,"mug'zee, heads of security",mythic,6
snorrelax,liberation of undermine,chrome king gallywix,heroic,4
drelord,liberation of undermine,sprocketmonger lockenstock,heroic,2
hobbyalkis,liberation of undermine,"mug'zee, heads of security",mythic,402
garajamal,liberation of undermine,one-armed bandit,heroic,2
bensbear,liberation of undermine,"mug'zee, heads of security",heroic,6
rizzleton,liberation of undermine,sprocketmonger lockenstock,mythic,245
wanchan,liberation of undermine,cauldron of carnage,mythic,39
pepista,liberation of undermine,one-armed bandit,heroic,2
vengaboysfan,liberation of undermine,vexie and the geargrinders,heroic,1
bigboiples,liberation of undermine,cauldron of carnage,heroic,3
draezsham,liberation of undermine,"mug'zee, heads of security",mythic,50
rilot,liberation of undermine,"mug'zee, heads of security",mythic,50
bigboiples,liberation of undermine,chrome king gallywix,mythic,296
bpd,liberation of undermine,chrome king gallywix,heroic,36
mäciucarul,liberation of undermine,rik reverb,mythic,23
gråphic,liberation of undermine,rik reverb,mythic,2
pattern,liberation of undermine,vexie and the geargrinders,heroic,4
yeviel,liberation of undermine,vexie and the geargrinders,mythic,12
isorsressl,liberation of undermine,vexie and the geargrinders,heroic,2
turbohot,liberation of undermine,chrome king gallywix,heroic,46
thornic,liberation of undermine,chrome king gallywix,heroic,2
boopykid,liberation of undermine,chrome king gallywix,mythic,60
ollieyay,liberation of undermine,"mug'zee, heads of security",heroic,33
alexmae,liberation of undermine,stix bunkjunker,mythic,26
lenus,liberation of undermine,chrome king gallywix,heroic,44
bensmonk,liberation of undermine,vexie and the geargrinders,heroic,1
apocryphâ,liberation of undermine,cauldron of carnage,mythic,2
lobster,liberation of undermine,vexie and the geargrinders,heroic,1
bpd,liberation of undermine,sprocketmonger lockenstock,heroic,6
televisions,liberation of undermine,vexie and the geargrinders,heroic,21
yearning,liberation of undermine,one-armed bandit,heroic,21
laesio,liberation of undermine,"mug'zee, heads of security",mythic,6
smonkste,liberation of undermine,stix bunkjunker,heroic,2
hungbelf,liberation of undermine,vexie and the geargrinders,mythic,2
sassaki,liberation of undermine,chrome king gallywix,heroic,2
frenzyy,liberation of undermine,"mug'zee, heads of security",heroic,2
enarya,liberation of undermine,rik reverb,mythic,4
fraumüller,liberation of undermine,sprocketmonger lockenstock,heroic,2
budgetgoku,liberation of undermine,vexie and the geargrinders,heroic,15
isorsressl,liberation of undermine,"mug'zee, heads of security",mythic,50
unrecorded,liberation of undermine,rik reverb,mythic,22
cutefist,liberation of undermine,vexie and the geargrinders,mythic,20
monstercow,liberation of undermine,stix bunkjunker,mythic,26
fortythree,liberation of undermine,chrome king gallywix,heroic,2
slaybelle,liberation of undermine,rik reverb,mythic,4
garajamal,liberation of undermine,vexie and the geargrinders,heroic,2
wanchan,liberation of undermine,"mug'zee, heads of security",mythic,340
drelord,liberation of undermine,one-armed bandit,heroic,9
vitiblast,liberation of undermine,chrome king gallywix,heroic,3
atomvoker,liberation of undermine,one-armed bandit,heroic,1
koriekin,liberation of undermine,vexie and the geargrinders,heroic,10
chouafa,liberation of undermine,"mug'zee, heads of security",heroic,1
eeiv,liberation of undermine,"mug'zee, heads of security",mythic,6
yeviel,liberation of undermine,"mug'zee, heads of security",heroic,14
deadonkillz,liberation of undermine,one-armed bandit,heroic,2
evereld,liberation of undermine,cauldron of carnage,mythic,14
bigboiples,liberation of undermine,"mug'zee, heads of security",mythic,352
explorer,liberation of undermine,"mug'zee, heads of security",mythic,222
larssonoker,liberation of undermine,cauldron of carnage,mythic,4
retomegalul,liberation of undermine,vexie and the geargrinders,heroic,2
bamoo,liberation of undermine,one-armed bandit,heroic,10
vitiblast,liberation of undermine,vexie and the geargrinders,mythic,2
bpd,liberation of undermine,vexie and the geargrinders,mythic,19
oceanblvd,liberation of undermine,"mug'zee, heads of security",heroic,1
guolldan,liberation of undermine,vexie and the geargrinders,heroic,1
evereld,liberation of undermine,sprocketmonger lockenstock,heroic,1
willowwisp,liberation of undermine,sprocketmonger lockenstock,mythic,211
thornic,liberation of undermine,one-armed bandit,mythic,48
dangermouse,liberation of undermine,"mug'zee, heads of security",heroic,1
draezsham,liberation of undermine,chrome king gallywix,heroic,2
bigboiples,liberation of undermine,cauldron of carnage,mythic,39
magicwingers,liberation of undermine,one-armed bandit,heroic,28
magicwingers,liberation of undermine,chrome king gallywix,heroic,46
lehvin,liberation of undermine,chrome king gallywix,heroic,4
swannie,liberation of undermine,chrome king gallywix,heroic,23
evereld,liberation of undermine,chrome king gallywix,heroic,23
cutefist,liberation of undermine,stix bunkjunker,heroic,3
wanchan,liberation of undermine,stix bunkjunker,heroic,3
dimono,liberation of undermine,"mug'zee, heads of security",heroic,1
yearning,liberation of undermine,rik reverb,mythic,48
alcina,liberation of undermine,chrome king gallywix,heroic,4
rzoc,liberation of undermine,"mug'zee, heads of security",heroic,1
larssonoker,liberation of undermine,vexie and the geargrinders,heroic,1
neutralized,liberation of undermine,vexie and the geargrinders,heroic,3
irîs,liberation of undermine,cauldron of carnage,mythic,1
sillyguy,liberation of undermine,vexie and the geargrinders,mythic,2
parababasii,liberation of undermine,cauldron of carnage,mythic,1
aiust,liberation of undermine,"mug'zee, heads of security",mythic,54
gråphic,liberation of undermine,cauldron of carnage,mythic,2
hoppsy,liberation of undermine,vexie and the geargrinders,mythic,1
sillyguy,liberation of undermine,"mug'zee, heads of security",heroic,1
rizzleton,liberation of undermine,cauldron of carnage,mythic,39
monstercow,liberation of undermine,one-armed bandit,heroic,2
jordanpriest,liberation of undermine,chrome king gallywix,heroic,2
lekkepries,liberation of undermine,one-armed bandit,heroic,2
larssonadin,liberation of undermine,sprocketmonger lockenstock,heroic,3
magicwingers,liberation of undermine,stix bunkjunker,mythic,112
vulpìíx,liberation of undermine,"mug'zee, heads of security",mythic,6
naomivoke,liberation of undermine,chrome king gallywix,heroic,3
unrecorded,liberation of undermine,cauldron of carnage,mythic,7
lobster,liberation of undermine,"mug'zee, heads of security",heroic,1
attentive,liberation of undermine,cauldron of carnage,mythic,4
yearning,liberation of undermine,rik reverb,heroic,5
turbohot,liberation of undermine,stix bunkjunker,heroic,3
dimono,liberation of undermine,cauldron of carnage,mythic,4
willowwisp,liberation of undermine,chrome king gallywix,mythic,296
amnotgoblin,liberation of undermine,vexie and the geargrinders,heroic,2
gici,liberation of undermine,rik reverb,mythic,2
attentive,liberation of undermine,one-armed bandit,heroic,2
khalekherse,liberation of undermine,"mug'zee, heads of security",mythic,50
herjaul,liberation of undermine,stix bunkjunker,mythic,26
yeviel,liberation of undermine,stix bunkjunker,heroic,2
attentive,liberation of undermine,vexie and the geargrinders,heroic,2
devasjation,liberation of undermine,chrome king gallywix,heroic,1
lenus,liberation of undermine,stix bunkjunker,mythic,112
ollieyay,liberation of undermine,rik reverb,mythic,55
cutefist,liberation of undermine,rik reverb,mythic,53
oberoni,liberation of undermine,chrome king gallywix,heroic,1
monstercow,liberation of undermine,vexie and the geargrinders,mythic,2
yaavi,liberation of undermine,vexie and the geargrinders,heroic,1
lehti,liberation of undermine,"mug'zee, heads of security",mythic,6
bergmanlover,liberation of undermine,chrome king gallywix,heroic,1
yearning,liberation of undermine,vexie and the geargrinders,mythic,16
magicwingers,liberation of undermine,rik reverb,mythic,57
televisions,liberation of undermine,chrome king gallywix,mythic,296
bensbear,liberation of undermine,chrome king gallywix,heroic,11
budgetgoku,liberation of undermine,cauldron of carnage,heroic,3
rizzleton,liberation of undermine,rik reverb,heroic,5
grimgriper,liberation of undermine,vexie and the geargrinders,heroic,2
hesoyâm,liberation of undermine,one-armed bandit,heroic,2
slaybelle,liberation of undermine,vexie and the geargrinders,heroic,1
cutefist,liberation of undermine,"mug'zee, heads of security",mythic,168
rundervink,liberation of undermine,chrome king gallywix,heroic,3
ashyminge,liberation of undermine,cauldron of carnage,mythic,38
irni,liberation of undermine,"mug'zee, heads of security",heroic,2
irîs,liberation of undermine,vexie and the geargrinders,heroic,1
shanaiya,liberation of undermine,chrome king gallywix,heroic,3
asenae,liberation of undermine,sprocketmonger lockenstock,heroic,1
furiamonk,liberation of undermine,rik reverb,heroic,2
frenzyy,liberation of undermine,one-armed bandit,heroic,2
rilot,liberation of undermine,one-armed bandit,heroic,2
vulgrím,liberation of undermine,"mug'zee, heads of security",mythic,6
televisions,liberation of undermine,stix bunkjunker,mythic,112
roropriest,liberation of undermine,vexie and the geargrinders,heroic,3
frenzyy,liberation of undermine,chrome king gallywix,heroic,4
sinrrjj,liberation of undermine,cauldron of carnage,mythic,1
oceanblvd,liberation of undermine,vexie and the geargrinders,mythic,3
маамен,liberation of undermine,one-armed bandit,heroic,2
explorer,liberation of undermine,cauldron of carnage,heroic,3
thebigstone,liberation of undermine,chrome king gallywix,heroic,2
jumzo,liberation of undermine,vexie and the geargrinders,heroic,20
mignottàuren,liberation of undermine,vexie and the geargrinders,heroic,4
chouafa,liberation of undermine,vexie and the geargrinders,mythic,2
hobbyalkis,liberation of undermine,stix bunkjunker,heroic,3
maddisonsian,liberation of undermine,sprocketmonger lockenstock,heroic,1
benshammy,liberation of undermine,stix bunkjunker,heroic,1
finiarell,liberation of undermine,"mug'zee, heads of security",mythic,6
ashyminge,liberation of undermine,stix bunkjunker,mythic,112
mâiâr,liberation of undermine,vexie and the geargrinders,heroic,4
lehvin,liberation of undermine,stix bunkjunker,mythic,9
bpd,liberation of undermine,one-armed bandit,heroic,18
garajamal,liberation of undermine,chrome king gallywix,heroic,2
mægisk,liberation of undermine,one-armed bandit,heroic,28
krepowl,liberation of undermine,stix bunkjunker,mythic,11
mêoow,liberation of undermine,sprocketmonger lockenstock,heroic,1
kalowar,liberation of undermine,vexie and the geargrinders,heroic,1
rizzleton,liberation of undermine,vexie and the geargrinders,mythic,21
rundervink,liberation of undermine,sprocketmonger lockenstock,heroic,1
retomegalul,liberation of undermine,"mug'zee, heads of security",mythic,50
stwrithe,liberation of undermine,one-armed bandit,heroic,4
hobbyalkis,liberation of undermine,one-armed bandit,mythic,172
irîs,liberation of undermine,stix bunkjunker,mythic,9
bensbear,liberation of undermine,"mug'zee, heads of security",mythic,66
legoman,liberation of undermine,chrome king gallywix,heroic,2
hobbyalkis,liberation of undermine,cauldron of carnage,heroic,3
bensmonk,liberation of undermine,rik reverb,heroic,2
wyrvern,liberation of undermine,"mug'zee, heads of security",mythic,54
lobster,liberation of undermine,vexie and the geargrinders,mythic,2
jumzo,liberation of undermine,rik reverb,mythic,55
shanaiya,liberation of undermine,vexie and the geargrinders,mythic,2
glizzyrider,liberation of undermine,sprocketmonger lockenstock,heroic,2
dankdemonh,liberation of undermine,one-armed bandit,heroic,2
clawzx,liberation of undermine,vexie and the geargrinders,heroic,4
roropriest,liberation of undermine,cauldron of carnage,heroic,3
mashin,liberation of undermine,rik reverb,mythic,12
enarya,liberation of undermine,vexie and the geargrinders,mythic,1
retomegalul,liberation of undermine,"mug'zee, heads of security",heroic,2
guolldan,liberation of undermine,"mug'zee, heads of security",heroic,1
bigboiples,liberation of undermine,chrome king gallywix,heroic,44
bakatoxo,liberation of undermine,cauldron of carnage,mythic,4
rayook,liberation of undermine,vexie and the geargrinders,heroic,2
yaavi,liberation of undermine,"mug'zee, heads of security",heroic,1
bakatoxo,liberation of undermine,"mug'zee, heads of security",heroic,1
kevi,liberation of undermine,"mug'zee, heads of security",heroic,2
iustitiæ,liberation of undermine,sprocketmonger lockenstock,heroic,6
periodpain,liberation of undermine,sprocketmonger lockenstock,heroic,1
isorsressl,liberation of undermine,chrome king gallywix,heroic,2
gici,liberation of undermine,"mug'zee, heads of security",heroic,1
ollieyay,liberation of undermine,vexie and the geargrinders,mythic,13
oberoni,liberation of undermine,cauldron of carnage,mythic,1
hoppsy,liberation of undermine,vexie and the geargrinders,heroic,1
enjiie,liberation of undermine,stix bunkjunker,mythic,101
draezsham,liberation of undermine,one-armed bandit,heroic,2
asenae,liberation of undermine,rik reverb,heroic,1
bpd,liberation of undermine,stix bunkjunker,heroic,3
tikerr,liberation of undermine,"mug'zee, heads of security",heroic,2
yevie,liberation of undermine,cauldron of carnage,heroic,1
ichinose,liberation of undermine,sprocketmonger lockenstock,mythic,52
alexmae,liberation of undermine,rik reverb,mythic,6
yeviel,liberation of undermine,one-armed bandit,mythic,134
attentive,liberation of undermine,vexie and the geargrinders,mythic,2
hoppsy,liberation of undermine,rik reverb,mythic,4
lenus,liberation of undermine,sprocketmonger lockenstock,mythic,245
rizzleton,liberation of undermine,stix bunkjunker,mythic,112
mêoow,liberation of undermine,chrome king gallywix,heroic,3
aivfive,liberation of undermine,one-armed bandit,heroic,2
hungbelf,liberation of undermine,"mug'zee, heads of security",heroic,1
magicwingers,liberation of undermine,vexie and the geargrinders,heroic,21
asträlia,liberation of undermine,"mug'zee, heads of security",mythic,60
olavets,liberation of undermine,one-armed bandit,heroic,9
wärhok,liberation of undermine,"mug'zee, heads of security",heroic,2
explorer,liberation of undermine,stix bunkjunker,heroic,3
bamoo,liberation of undermine,stix bunkjunker,heroic,1
irîs,liberation of undermine,rik reverb,mythic,4
bakatoxo,liberation of undermine,vexie and the geargrinders,mythic,2
zyio,liberation of undermine,"mug'zee, heads of security",mythic,6
dimono,liberation of undermine,rik reverb,heroic,1
oceanblvd,liberation of undermine,rik reverb,mythic,2
hobbyalkis,liberation of undermine,cauldron of carnage,mythic,33
rilot,liberation of undermine,"mug'zee, heads of security",heroic,2
televisions,liberation of undermine,sprocketmonger lockenstock,mythic,200
grimgriper,liberation of undermine,chrome king gallywix,heroic,2
sinrrjj,liberation of undermine,vexie and the geargrinders,heroic,1
krepowl,liberation of undermine,vexie and the geargrinders,heroic,1
rundervink,liberation of undermine,"mug'zee, heads of security",heroic,1
sinrrjj,liberation of undermine,rik reverb,mythic,4
khalekherse,liberation of undermine,"mug'zee, heads of security",heroic,2
bpd,liberation of undermine,"mug'zee, heads of security",heroic,32
nahuêl,liberation of undermine,chrome king gallywix,heroic,2
televisions,liberation of undermine,cauldron of carnage,mythic,39
henle,liberation of undermine,rik reverb,mythic,4
naomivoke,liberation of undermine,"mug'zee, heads of security",heroic,3
bigboiples,liberation of undermine,one-armed bandit,heroic,26
chokebo,liberation of undermine,vexie and the geargrinders,heroic,1
dibby,liberation of undermine,rik reverb,heroic,1
gordog,liberation of undermine,one-armed bandit,heroic,1
magicwingers,liberation of undermine,rik reverb,heroic,5
gemmers,liberation of undermine,one-armed bandit,heroic,2
attentive,liberation of undermine,"mug'zee, heads of security",heroic,2
tapole,liberation of undermine,sprocketmonger lockenstock,heroic,2
oberoni,liberation of undermine,one-armed bandit,heroic,2
bergmanlover,liberation of undermine,cauldron of carnage,mythic,2
rzoc,liberation of undermine,vexie and the geargrinders,heroic,1
willowwisp,liberation of undermine,cauldron of carnage,mythic,35
rizzleton,liberation of undermine,"mug'zee, heads of security",mythic,402
thebigstone,liberation of undermine,vexie and the geargrinders,heroic,2
gazapatesi,liberation of undermine,"mug'zee, heads of security",heroic,2
henle,liberation of undermine,one-armed bandit,heroic,1
furiamonk,liberation of undermine,chrome king gallywix,heroic,16
dibby,liberation of undermine,chrome king gallywix,heroic,3
attentive,liberation of undermine,rik reverb,mythic,12
jumzo,liberation of undermine,rik reverb,heroic,5
guolldan,liberation of undermine,one-armed bandit,heroic,2
yevie,liberation of undermine,chrome king gallywix,heroic,7
yearning,liberation of undermine,sprocketmonger lockenstock,mythic,34
shanaiya,liberation of undermine,"mug'zee, heads of security",heroic,1
stwrithe,liberation of undermine,sprocketmonger lockenstock,mythic,84
maddisonsian,liberation of undermine,chrome king gallywix,heroic,3
budgetgoku,liberation of undermine,one-armed bandit,heroic,23
bigboiples,liberation of undermine,vexie and the geargrinders,heroic,19
shanaiya,liberation of undermine,vexie and the geargrinders,heroic,1
holydocky,liberation of undermine,cauldron of carnage,mythic,8
snorrelax,liberation of undermine,vexie and the geargrinders,mythic,1
yearning,liberation of undermine,vexie and the geargrinders,heroic,12
kranar,liberation of undermine,cauldron of carnage,mythic,1
lobster,liberation of undermine,cauldron of carnage,mythic,4
dimono,liberation of undermine,vexie and the geargrinders,mythic,2
таристаз,liberation of undermine,"mug'zee, heads of security",heroic,2
apocryphâ,liberation of undermine,one-armed bandit,mythic,86
bergmanlover,liberation of undermine,vexie and the geargrinders,mythic,3
bakatoxo,liberation of undermine,rik reverb,heroic,1
iustitiæ,liberation of undermine,vexie and the geargrinders,mythic,21
henle,liberation of undermine,chrome king gallywix,heroic,4
televisions,liberation of undermine,one-armed bandit,mythic,172
yearning,liberation of undermine,chrome king gallywix,heroic,39
bakatoxo,liberation of undermine,rik reverb,mythic,9
mirmilitz,liberation of undermine,cauldron of carnage,mythic,1
willowwisp,liberation of undermine,one-armed bandit,mythic,172
evereld,liberation of undermine,one-armed bandit,mythic,172
televisions,liberation of undermine,rik reverb,heroic,5
sinrrjj,liberation of undermine,one-armed bandit,heroic,1
khalekherse,liberation of undermine,chrome king gallywix,heroic,2
roropriest,liberation of undermine,sprocketmonger lockenstock,heroic,5
chokebo,liberation of undermine,chrome king gallywix,heroic,1
iustitiæ,liberation of undermine,vexie and the geargrinders,heroic,19
rundervink,liberation of undermine,cauldron of carnage,mythic,4
rabïd,liberation of undermine,chrome king gallywix,heroic,2
televisions,liberation of undermine,"mug'zee, heads of security",mythic,396
willowwisp,liberation of undermine,rik reverb,heroic,5
gigagamerd,liberation of undermine,"mug'zee, heads of security",mythic,6
krepowl,liberation of undermine,one-armed bandit,heroic,1
kalowar,liberation of undermine,one-armed bandit,heroic,2
krepowl,liberation of undermine,chrome king gallywix,heroic,1
clawzx,liberation of undermine,chrome king gallywix,heroic,2
evereld,liberation of undermine,rik reverb,heroic,1
nahuêl,liberation of undermine,"mug'zee, heads of security",mythic,50
jellyjoint,liberation of undermine,"mug'zee, heads of security",mythic,6
swannie,liberation of undermine,stix bunkjunker,heroic,3
mashin,liberation of undermine,cauldron of carnage,mythic,4
dimono,liberation of undermine,sprocketmonger lockenstock,heroic,1
larssonoker,liberation of undermine,sprocketmonger lockenstock,heroic,1
bensmonk,liberation of undermine,sprocketmonger lockenstock,heroic,3
jumzo,liberation of undermine,sprocketmonger lockenstock,mythic,211
magicwingers,liberation of undermine,stix bunkjunker,heroic,3
burka,liberation of undermine,"mug'zee, heads of security",mythic,6
clawzx,liberation of undermine,"mug'zee, heads of security",heroic,2
dibby,liberation of undermine,vexie and the geargrinders,mythic,2
yevie,liberation of undermine,vexie and the geargrinders,mythic,5
maddisonsian,liberation of undermine,vexie and the geargrinders,heroic,1
magicwingers,liberation of undermine,"mug'zee, heads of security",heroic,42
maddisonsian,liberation of undermine,rik reverb,mythic,9
unrecorded,liberation of undermine,one-armed bandit,heroic,13
aenry,liberation of undermine,rik reverb,mythic,6
mêoow,liberation of undermine,cauldron of carnage,mythic,4
akcay,liberation of undermine,"mug'zee, heads of security",mythic,6
benshammy,liberation of undermine,rik reverb,heroic,2
delvur,liberation of undermine,chrome king gallywix,mythic,296
lekkepries,liberation of undermine,"mug'zee, heads of security",mythic,50
mêoow,liberation of undermine,"mug'zee, heads of security",heroic,1
retomegalul,liberation of undermine,one-armed bandit,heroic,2
parababasii,liberation of undermine,stix bunkjunker,mythic,9
devasjation,liberation of undermine,cauldron of carnage,mythic,1
sinrrjj,liberation of undermine,chrome king gallywix,heroic,4
unrecorded,liberation of undermine,"mug'zee, heads of security",heroic,13
thornic,liberation of undermine,"mug'zee, heads of security",heroic,2
mægisk,liberation of undermine,rik reverb,mythic,34
mêoow,liberation of undermine,vexie and the geargrinders,mythic,2
bensbear,liberation of undermine,stix bunkjunker,mythic,75
atomvoker,liberation of undermine,"mug'zee, heads of security",heroic,1
lenus,liberation of undermine,cauldron of carnage,mythic,39
rizzleton,liberation of undermine,chrome king gallywix,mythic,296
aenry,liberation of undermine,chrome king gallywix,heroic,2
devasjation,liberation of undermine,vexie and the geargrinders,heroic,1
thebigstone,liberation of undermine,"mug'zee, heads of security",heroic,2
fortythree,liberation of undermine,one-armed bandit,heroic,2
oceanblvd,liberation of undermine,cauldron of carnage,mythic,2
roropriest,liberation of undermine,rik reverb,heroic,4
gemmers,liberation of undermine,"mug'zee, heads of security",heroic,1
koriekin,liberation of undermine,"mug'zee, heads of security",heroic,8
vengaboysfan,liberation of undermine,one-armed bandit,heroic,1
enjiie,liberation of undermine,cauldron of carnage,mythic,37
irîs,liberation of undermine,vexie and the geargrinders,mythic,1
shadowxmorn,liberation of undermine,vexie and the geargrinders,mythic,3
mashin,liberation of undermine,stix bunkjunker,mythic,8
legoman,liberation of undermine,one-armed bandit,heroic,2
coreydlr,liberation of undermine,stix bunkjunker,mythic,11
enjiie,liberation of undermine,one-armed bandit,mythic,172
lekkepries,liberation of undermine,"mug'zee, heads of security",heroic,2
benspala,liberation of undermine,sprocketmonger lockenstock,heroic,2
bensbear,liberation of undermine,rik reverb,mythic,17
grimgriper,liberation of undermine,"mug'zee, heads of security",heroic,2
cherven,liberation of undermine,"mug'zee, heads of security",heroic,9
deadonkillz,liberation of undermine,sprocketmonger lockenstock,mythic,22
chouafa,liberation of undermine,cauldron of carnage,mythic,4
svxãkki,liberation of undermine,"mug'zee, heads of security",mythic,54
rayook,liberation of undermine,"mug'zee, heads of security",heroic,2
snorrelax,liberation of undermine,vexie and the geargrinders,heroic,1
caitysnow,liberation of undermine,"mug'zee, heads of security",mythic,6
synrae,liberation of undermine,chrome king gallywix,heroic,2
swannie,liberation of undermine,rik reverb,mythic,23
thamoose,liberation of undermine,chrome king gallywix,heroic,2
таристаз,liberation of undermine,"mug'zee, heads of security",mythic,50
apocryphâ,liberation of undermine,rik reverb,mythic,2
lobster,liberation of undermine,sprocketmonger lockenstock,heroic,1
bensbear,liberation of undermine,vexie and the geargrinders,mythic,3
koriekin,liberation of undermine,"mug'zee, heads of security",mythic,402
yeviel,liberation of undermine,rik reverb,mythic,39
wärhok,liberation of undermine,one-armed bandit,heroic,2
stwrithe,liberation of undermine,vexie and the geargrinders,heroic,6
alcina,liberation of undermine,"mug'zee, heads of security",heroic,1
clawzx,liberation of undermine,one-armed bandit,heroic,2
kranar,liberation of undermine,"mug'zee, heads of security",heroic,1
lobster,liberation of undermine,rik reverb,heroic,1
incila,liberation of undermine,rik reverb,mythic,4
vinewhip,liberation of undermine,stix bunkjunker,mythic,11
nahuêl,liberation of undermine,one-armed bandit,heroic,2
dibby,liberation of undermine,"mug'zee, heads of security",heroic,1
irni,liberation of undermine,"mug'zee, heads of security",mythic,50
asenae,liberation of undermine,rik reverb,mythic,9
yaavi,liberation of undermine,chrome king gallywix,heroic,1
alcina,liberation of undermine,one-armed bandit,heroic,1
frenzyy,liberation of undermine,vexie and the geargrinders,heroic,2
ollieyay,liberation of undermine,sprocketmonger lockenstock,mythic,171
yeviel,liberation of undermine,rik reverb,heroic,3
blindviper,liberation of undermine,"mug'zee, heads of security",mythic,6
evereld,liberation of undermine,"mug'zee, heads of security",heroic,16
gordog,liberation of undermine,"mug'zee, heads of security",heroic,1
benshammy,liberation of undermine,"mug'zee, heads of security",heroic,9
mashin,liberation of undermine,one-armed bandit,heroic,2
chouafa,liberation of undermine,rik reverb,heroic,1
shadowxmorn,liberation of undermine,one-armed bandit,heroic,1
khalekherse,liberation of undermine,one-armed bandit,heroic,2
mêoow,liberation of undermine,vexie and the geargrinders,heroic,1
bpd,liberation of undermine,stix bunkjunker,mythic,86
larssonoker,liberation of undermine,rik reverb,mythic,9
wärhok,liberation of undermine,chrome king gallywix,heroic,2
bensbear,liberation of undermine,cauldron of carnage,mythic,6
explorer,liberation of undermine,stix bunkjunker,mythic,112
yearning,liberation of undermine,sprocketmonger lockenstock,heroic,6
alcina,liberation of undermine,vexie and the geargrinders,mythic,1
rayook,liberation of undermine,one-armed bandit,heroic,2
coreydlr,liberation of undermine,vexie and the geargrinders,mythic,3
iustitiæ,liberation of undermine,"mug'zee, heads of security",heroic,40
frenzyy,liberation of undermine,cauldron of carnage,mythic,4
hobbyalkis,liberation of undermine,chrome king gallywix,mythic,296
alexmae,liberation of undermine,chrome king gallywix,heroic,2
emypriest,liberation of undermine,one-armed bandit,mythic,48
coreydlr,liberation of undermine,"mug'zee, heads of security",heroic,1
devasjation,liberation of undermine,one-armed bandit,heroic,2
ashyminge,liberation of undermine,"mug'zee, heads of security",heroic,37
shalash,liberation of undermine,one-armed bandit,heroic,2
aenry,liberation of undermine,one-armed bandit,heroic,2
chouafa,liberation of undermine,rik reverb,mythic,9
budgetgoku,liberation of undermine,rik reverb,heroic,5
shadowxmorn,liberation of undermine,rik reverb,mythic,2
televisions,liberation of undermine,chrome king gallywix,heroic,46
cutefist,liberation of undermine,chrome king gallywix,mythic,296
mêoow,liberation of undermine,rik reverb,mythic,9
mægisk,liberation of undermine,"mug'zee, heads of security",heroic,42
glizzyrider,liberation of undermine,one-armed bandit,heroic,11
thornic,liberation of undermine,vexie and the geargrinders,heroic,2
magicwingers,liberation of undermine,cauldron of carnage,heroic,3
bigboiples,liberation of undermine,sprocketmonger lockenstock,mythic,211
yashopal,liberation of undermine,chrome king gallywix,heroic,3
ketapret,liberation of undermine,"mug'zee, heads of security",heroic,2
chouafa,liberation of undermine,vexie and the geargrinders,heroic,1
turbohot,liberation of undermine,rik reverb,heroic,5
jumzo,liberation of undermine,"mug'zee, heads of security",mythic,402
hesoyâm,liberation of undermine,vexie and the geargrinders,heroic,2
hobbyalkis,liberation of undermine,rik reverb,mythic,46
willowwisp,liberation of undermine,stix bunkjunker,mythic,99
shanaiya,liberation of undermine,cauldron of carnage,mythic,4
atomvoker,liberation of undermine,stix bunkjunker,mythic,9
rizzleton,liberation of undermine,one-armed bandit,heroic,28
enarya,liberation of undermine,one-armed bandit,heroic,1
jumzo,liberation of undermine,vexie and the geargrinders,mythic,18
fortythree,liberation of undermine,"mug'zee, heads of security",heroic,2
larssonadin,liberation of undermine,vexie and the geargrinders,heroic,1
таристаз,liberation of undermine,chrome king gallywix,heroic,2
wanchan,liberation of undermine,rik reverb,mythic,57
benshammy,liberation of undermine,stix bunkjunker,mythic,11
bergmanlover,liberation of undermine,rik reverb,mythic,2
herjaul,liberation of undermine,vexie and the geargrinders,heroic,2
benspala,liberation of undermine,one-armed bandit,heroic,9
debiru,liberation of undermine,"mug'zee, heads of security",mythic,6
khalekherse,liberation of undermine,vexie and the geargrinders,heroic,2
ollieyay,liberation of undermine,chrome king gallywix,heroic,37
rzoc,liberation of undermine,rik reverb,mythic,2
mignottàuren,liberation of undermine,one-armed bandit,heroic,2
alcina,liberation of undermine,vexie and the geargrinders,heroic,1
devasjation,liberation of undermine,"mug'zee, heads of security",heroic,1
hoppsy,liberation of undermine,chrome king gallywix,heroic,4
enjiie,liberation of undermine,"mug'zee, heads of security",mythic,402
dibby,liberation of undermine,cauldron of carnage,mythic,4
stwrithe,liberation of undermine,one-armed bandit,mythic,172
spinningyiff,liberation of undermine,"mug'zee, heads of security",heroic,1
gemmers,liberation of undermine,vexie and the geargrinders,heroic,1
yevie,liberation of undermine,rik reverb,heroic,2
purovolitis,liberation of undermine,"mug'zee, heads of security",heroic,2
eion,liberation of undermine,"mug'zee, heads of security",mythic,6
mægisk,liberation of undermine,cauldron of carnage,heroic,3
shalash,liberation of undermine,vexie and the geargrinders,heroic,2
unrecorded,liberation of undermine,sprocketmonger lockenstock,mythic,74
neutralized,liberation of undermine,vexie and the geargrinders,mythic,3
thebigstone,liberation of undermine,one-armed bandit,heroic,2
shalash,liberation of undermine,chrome king gallywix,heroic,2
henle,liberation of undermine,cauldron of carnage,mythic,1
furiamonk,liberation of undermine,sprocketmonger lockenstock,heroic,2
ollieyay,liberation of undermine,cauldron of carnage,mythic,20
gråphic,liberation of undermine,vexie and the geargrinders,heroic,1
amnotgoblin,liberation of undermine,"mug'zee, heads of security",heroic,2
coreydlr,liberation of undermine,cauldron of carnage,mythic,2
